آر;adjectives‎;(âr)#original#realDeclensionEdit#declension of آر##masculine##feminine##singular#plural#singular#plural#direct#آر‎(âr)#آر‎(âr)#آره‎(âra)#آرې‎(âre)#oblique#آر‎(âr)#آرو‎(âro)#آرې‎(âre)#آرو‎ (âro)#vocative#آره‎(âra)#آرو‎(âro)#آرې‎(âre)#آرو‎(âro)#See alsoEdit#آره‎
اتل;adjectives‎;(atël)#brave, bold, heroicSee alsoEdit#اتله‎
اتله;adjectives‎;female hero, heroine, champion, victorbrave, bold, heroic
اخته;adjectives‎;busy, occupied, entangled
ارزان;adjectives‎;(arzân)#cheapDeclensionEdit#declension of ارزان##masculine##feminine##singular#plural#singular#plural#direct#ارزان‎(arzân)#ارزان‎(arzân)#ارزانه‎(arzâna)#ارزانې‎(arzâne)#oblique#ارزان‎(arzân)#ارزانو‎(arzâno)#ارزانې‎(arzâne)#ارزانو‎ (arzâno)#vocative#ارزانه‎(arzâna)#ارزانو‎(arzâno)#ارزانې‎(arzâne)#ارزانو‎(arzâno)#See alsoEdit#ارزانه‎#
ارزانه;adjectives‎;cheap, inexpensive, Alternative form of ارزان‎
اسماني;adjectives‎;sky blue
المانی;adjectives‎;German (relating to the country of Germany, the German culture, or the German language), Germanic
امريکايی;adjectives‎;American (citizen, resident)American (of or pertaining to America or its culture)
اورېدونکی;adjectives‎;listener
اوم;adjectives‎;(um)#raw, uncooked (of food)#unripe (of fruit)DeclensionEdit#declension of اوم##masculine##feminine##singular#plural#singular#plural#direct#اوم‎(um)#اومۀ‎(umë)#اومه‎(uma)#اومې‎(ume)#oblique#اومۀ‎(umë)#اومو‎(umo)#اومې‎(ume)#اومو‎ (umo)#vocative#اومه‎(uma)#اومو‎(umo)#اومې‎(ume)#اومو‎(umo)##
اومامي;adjectives‎;umami; a category of flavour of glutamates
اوږد;adjectives‎;long
اړين;adjectives‎;necessary, important, essential
بد;adjectives‎;(bad)#badly
بدسترګی;adjectives‎;shameless
بدلاری;adjectives‎;bad
بدمخی;adjectives‎;impolite, unfriendly
بده;adjectives‎;bad
بربنډ;adjectives‎;naked
بل;adjectives‎;(bël)#other#nextDeclensionEdit#declension of بل##masculine##feminine##singular#plural#singular#plural#direct#بل‎(bël)#بل‎(bël)#بله‎(bëla)#بلې‎(bële)#oblique#بل‎(bël)#بلو‎(bëlo)#بلې‎(bële)#بلو‎ (bëlo)#vocative#بله‎(bëla)#بلو‎(bëlo)#بلې‎(bële)#بلو‎(bëlo)#
بوخت;adjectives‎;busy
بې سا;adjectives‎;inanimate, breathless
بې شرمه;adjectives‎;shameless
بې نياوه;adjectives‎;just, unfair
بې ځانه;adjectives‎;lifeless
بې کاره;adjectives‎;worthless, useless, without work
بېخي;adjectives‎;completely, veryvery, to a great extent
بېل;adjectives‎;separate, distinct
تود;adjectives‎;(tod)#hot, warmDeclensionEdit#declension of تود##masculine##feminine##singular#plural#singular#plural#direct#تود‎(tod)#تاودۀ‎(tâwdë)#توده‎(tëwda)#تودې‎(tëwde)#oblique#تاودۀ‎(tâwdë)#تودو‎(tëwdo)#تودې‎(tëwde)#تودو‎ (tëwdo)#vocative#توده‎(toda)#تودو‎(tëwdo)#تودې‎(tëwde)#تودو‎(tëwdo)###
توده;adjectives‎;(tawda)#hot, warmDeclensionEdit#declension of توده##masculine##feminine##singular#plural#singular#plural#direct#تود‎(tod)#تاودۀ‎(tâwdë)#توده‎(tëwda)#تودې‎(tëwde)#oblique#تاودۀ‎(tâwdë)#تودو‎(tëwdo)#تودې‎(tëwde)#تودو‎ (tëwdo)#vocative#توده‎(toda)#تودو‎(tëwdo)#تودې‎(tëwde)#تودو‎(tëwdo)#
تور;adjectives‎;(tor)#blackDeclensionEdit#declension of تور##masculine##feminine##singular#plural#singular#plural#direct#تور‎(tor)#تور‎(tor)#توره‎(tora)#تورې‎(tore)#oblique#تور‎(tor)#تورو‎(toro)#تورې‎(tore)#تورو‎ (toro)#vocative#توره‎(tora)#تورو‎(toro)#تورې‎(tore)#تورو‎(toro)#See alsoEdit#Colors in Pashto · رنګونه‎ (ranguna) (layout · text)#     سپين‎ (spin)#     خړ‎ (xëṛ)#     تور (tor)#             سور‎ (sur)#             نارنجي‎ (nâranji); نسواري‎ (naswâri)#             ژېړ‎ (žeṛ)#            #             شين‎ (šin)#            #            #            #             شين‎ (shin)#             چوڼيا‎ (čuṇyâ); نيلي‎ (nili)#              کینخي‎ (kinaxi)#             ګلابي‎ (gwëlâbi)#
تېرۀ;adjectives‎;sharp
جلا;adjectives‎;separate, divided
جنګيالی;adjectives‎;warrior, fighter
جوړ;adjectives‎;well, built, repaired
جګ;adjectives‎;tall, erected, elevated
خام;adjectives‎;(xâm)#raw, uncooked (of food)#unpaved (of a road)#unripe (of fruit)
خواشينی;adjectives‎;sad, gloomy
خوږ;adjectives‎;sweet
خيرن;adjectives‎;dirty, unclean
خپه;adjectives‎;sad, gloomy, upset
خړ;adjectives‎;grey
داسې;adjectives‎;suchthus
درنه;adjectives‎;heavy, honorable, haunted
دروند;adjectives‎;heavy, honorable, haunted
دومره;adjectives‎;so much, this much
دونه;adjectives‎;Alternative form of دومره‎
دوه ژبی;adjectives‎;bilingual, insincere
دويم;adjectives‎;second
زبرګ;adjectives‎;holy, saintly
زده;adjectives‎;taught, learned
زرغون;adjectives‎;green
زړهور;adjectives‎;brave
ستر;adjectives‎;(stër)#large, great, bigDeclensionEdit#declension of ستر##masculine##feminine##singular#plural#singular#plural#direct#ستر‎(stër)#ستر‎(stër)#ستره‎(stëra)#سترې‎(stëre)#oblique#ستر‎(stër)#سترو‎(stëro)#سترې‎(stëre)#سترو‎ (stëro)#vocative#ستره‎(stëra)#سترو‎(stëro)#سترې‎(stëre)#سترو‎(stëro)#
سرېښ;adjectives‎;conterminal, neighbouring, having the same boundaries, bordering onglue
سم;adjectives‎;(sëm)#right, proper, correctDeclensionEdit#declension of سم##masculine##feminine##singular#plural#singular#plural#direct#سم‎(sëm)#سم‎(sëm)#سمه‎(sëma)#سمې‎(sëme)#oblique#سم‎(sëm)#سمو‎(sëmo)#سمې‎(sëme)#سمو‎ (sëmo)#vocative#سمه‎(sëma)#سمو‎(sëmo)#سمې‎(sëme)#سمو‎(sëmo)#
سور;adjectives‎;(sur)#redDeclensionEdit#declension of سور##masculine##feminine##singular#plural#singular#plural#direct#سور‎(sur)#سرۀ‎(srë)#سره‎(sra)#سرې‎(sre)#oblique#سرۀ‎(srë)#سرو‎(sro)#سرې‎(sre)#سرو‎ (sro)#vocative#سوره‎(sura)#سرو‎(sro)#سرې‎(sre)#سرو‎(sro)#See alsoEdit#Colors in Pashto · رنګونه‎ (ranguna) (layout · text)#     سپين‎ (spin)#     خړ‎ (xëṛ)#     تور‎ (tor)#             سور (sur)#             نارنجي‎ (nâranji); نسواري‎ (naswâri)#             ژېړ‎ (žeṛ)#            #             شين‎ (šin)#            #            #            #             شين‎ (shin)#             چوڼيا‎ (čuṇyâ); نيلي‎ (nili)#              کینخي‎ (kinaxi)#             ګلابي‎ (gwëlâbi)#
سوړ;adjectives‎;cold
سپين;adjectives‎;white
سپک;adjectives‎;light, not heavy
سړه;adjectives‎;cold
سکه;adjectives‎;(saka)#of full blood relation#fully relatedDeclensionEdit#declension of سکه##masculine##feminine##singular#plural#singular#plural#direct#سکه‎(saka)#سکه‎(saka)#سکه‎(saka)#سکه‎(saka)#oblique#سکه‎(saka)#سکه‎(saka)#سکه‎(saka)#سکه‎ (saka)#vocative#سکه‎(saka)#سکه‎(saka)#سکه‎(saka)#سکه‎(saka)#
شهلا;adjectives‎;(šahlâ)#hazel-eyed[1]
شونی;adjectives‎;possible
شين;adjectives‎;(šin)#green#blue#sky blueDeclensionEdit#declension of شين##masculine##feminine##singular#plural#singular#plural#direct#شين‎(šin)#شنۀ‎(šnë)#شنه‎(šna)#شنې‎(šne)#oblique#شنۀ‎(šnë)#شنو‎(šno)#شنې‎(šne)#شنو‎ (šno)#vocative#شينه‎(šina)#شنو‎(šno)#شنې‎(šne)#شنو‎(šno)#See alsoEdit#Colors in Pashto · رنګونه‎ (ranguna) (layout · text)#     سپين‎ (spin)#     خړ‎ (xëṛ)#     تور‎ (tor)#             سور‎ (sur)#             نارنجي‎ (nâranji); نسواري‎ (naswâri)#             ژېړ‎ (žeṛ)#            #             شين (šin)#            #            #            #             شين (shin)#             چوڼيا‎ (čuṇyâ); نيلي‎ (nili)#              کینخي‎ (kinaxi)#             ګلابي‎ (gwëlâbi)#
شډل;adjectives‎;impolite, rude
غرڅنی;adjectives‎;relating to the mountainsman of the mountains, highlander, mountain animal; stag
غلط;adjectives‎;(ǧalat)#wrong#Synonym: ناسم‎ (nâsëm)
غمجن;adjectives‎;sad, sorrowful
غوره;adjectives‎;(ǧwëra)#excellent, mainDeclensionEdit#declension of غوره##masculine##feminine##singular#plural#singular#plural#direct#غوره‎(ǧwëra)#غوره‎(ǧwëra)#غوره‎(ǧwëra)#غوره‎(ǧwëra)#oblique#غوره‎(ǧwëra)#[[غوره{{{3}}}وو{{{3}}}و]]‎(ǧwëra{{{4}}}ëwo{{{4}}}o)#غوره‎(ǧwëra)#[[غوره{{{3}}}وو{{{3}}}و]]‎ (ǧwëra{{{4}}}ëwo{{{4}}}o)#vocative#غوره‎(ǧwëra)#غوره‎(ǧwëra)#غوره‎(ǧwëra)#غوره‎(ǧwëra)#
غونډ;adjectives‎;round, spherical, all
غټ;adjectives‎;big
كره;adjectives‎;(kara)#standard#accurate
لرې;adjectives‎;far
لشه;adjectives‎;a fish bone, splinter, sting of a wasp, scorpion etc, spike or beard of wheat or barley
لغړ;adjectives‎;naked, bare
لمريز;adjectives‎;solar
لومړی;adjectives‎;first
لوند;adjectives‎;(lund)#wetDeclensionEdit#declension of لوند##masculine##feminine##singular#plural#singular#plural#direct#لوند‎(lund)#لاندۀ‎(lândë)#لنده‎(lënda)#لندې‎(lënde)#oblique#لاندۀ‎(lândë)#لندو‎(lëndo)#لندې‎(lënde)#لندو‎ (lëndo)#vocative#لونده‎(lunda)#لندو‎(lëndo)#لندې‎(lënde)#لندو‎(lëndo)#Dialectal:##declension of لوند##masculine##feminine##singular#plural#singular#plural#direct#لوند‎(lund)#لامدۀ‎(lâmdë)#لمده‎(lëmda)#لمدې‎(lëmde)#oblique#لامدۀ‎(lâmdë)#لمدو‎(lëmdo)#لمدې‎(lëmde)#لمدو‎ (lëmdo)#vocative#لونده‎(lunda)#لمدو‎(lëmdo)#لمدې‎(lëmde)#لمدو‎(lëmdo)#
لوڅ;adjectives‎;naked, nude
لوڅ لغړ;adjectives‎;completely nude, stark naked
لوڅ لپړ;adjectives‎;completely nude, stark naked
لوڅ پوڅ;adjectives‎;completely nude, stark naked
لوړ;adjectives‎;high
لوی;adjectives‎;greatelder
لږ;adjectives‎;little, few
لېونی;adjectives‎;crazy, insanecrazy person, nutter, nutjob, basketcase
لېونۍ;adjectives‎;crazy, insanecrazy person, nutter, nutjob, basketcase
منځنی;adjectives‎;central, middle
مېشت;adjectives‎;settled
نارنجي;adjectives‎;orange
نارينه;adjectives‎;masculine, manly
ناسم;adjectives‎;wrong
نزدې;adjectives‎;Alternative form of نږدې‎ (niģde)
نسواري;adjectives‎;brown
نوی;adjectives‎;new
نيلي;adjectives‎;(nili)#Nili (a city in Afghanistan)
نږدې;adjectives‎;near
نژدې;adjectives‎;Alternative form of نږدې‎ (niģde)
هسک;adjectives‎;highsky
هوښيار;adjectives‎;intelligent, rational
هېر;adjectives‎;forgotten
وروست;adjectives‎;rotten
ويده;adjectives‎;asleep
وټه ييز;adjectives‎;economic
وړ;adjectives‎;suitable, appropriate-able, capable of, worthy of, fit for
وړوکی;adjectives‎;small
وړيا;adjectives‎;free
وږی;adjectives‎;hungry
ټينګ;adjectives‎;viscous, thick, dense, firm
پروت;adjectives‎;(prot)#lyingDeclensionEdit#declension of پروت##masculine##feminine##singular#plural#singular#plural#direct#پروت‎(prot)#پراتۀ‎(prâtë)#پرته‎(prëta)#پرتې‎(prëte)#oblique#پراتۀ‎(prâtë)#پرتو‎(prëto)#پرتې‎(prëte)#پرتو‎ (prëto)#vocative#پروته‎(prota)#پرتو‎(prëto)#پرتې‎(prëte)#پرتو‎(prëto)#
پوخ;adjectives‎;ripe, permanent
پوه;adjectives‎;wise, understanding, intelligent
ځوان;adjectives‎;young personyoung
ځيرک;adjectives‎;intelligent, smart, clever
ځیږ;adjectives‎;rough, coarse
څرګند;adjectives‎;clear; apparent, obvious, evident
چوڼيا;adjectives‎;violet
ډبل;adjectives‎;thick, heavy in build
ډنګر;adjectives‎;thin
ډولي;adjectives‎;fashionable
ډک;adjectives‎;full
ړومبی;adjectives‎;Alternative form of لومړی‎
ړوند;adjectives‎;blind
ژور;adjectives‎;(žawar)#deepDeclensionEdit#declension of ژور##masculine##feminine##singular#plural#singular#plural#direct#ژور‎(žawar)#ژور‎(žawar)#ژوره‎(žawara)#ژورې‎(žaware)#oblique#ژور‎(žawar)#ژورو‎(žawaro)#ژورې‎(žaware)#ژورو‎ (žawaro)#vocative#ژوره‎(žawara)#ژورو‎(žawaro)#ژورې‎(žaware)#ژورو‎(žawaro)#
ژوندی;adjectives‎;alive
ژېړ;adjectives‎;yellow
ښه;adjectives‎;good, well, ‏ښه يمه‎I am well (IPA(key): /çə jəˈ.ma/), Central Dialect(file)OK, alright
ښځنوکی;adjectives‎;effeminate, feminine, womanly
ښځينه;adjectives‎;feminine, womanly, woman's, women's
ښکاره;adjectives‎;evident, clear, public
ښکلی;adjectives‎;beautiful, pretty
ښۀ;adjectives‎;Alternative spelling of ښه‎
کالنی;adjectives‎;annual
کاڼی;adjectives‎;stonehard
کلک;adjectives‎;(klak)#hard; tough#rigid, firm, stiff#inflexible; unyielding#austereDeclensionEdit#declension of کلک##masculine##feminine##singular#plural#singular#plural#direct#کلک‎(klak)#کلک‎(klak)#کلکه‎(klaka)#کلکې‎(klake)#oblique#کلک‎(klak)#کلکو‎(klako)#کلکې‎(klake)#کلکو‎ (klako)#vocative#کلکه‎(klaka)#کلکو‎(klako)#کلکې‎(klake)#کلکو‎(klako)#Derived
کنګال;adjectives‎;washed, rinsed, Rahman Baba, ‏که پاچا دولايت وي — کنډولی په لاس کنګال شي‎...If the King is of the Province, the dish becomes washed by hand...
کوچنی;adjectives‎;small
کوڼ;adjectives‎;deaf
کینخي;adjectives‎;purple
ګران;adjectives‎;expensive, dear, loved, difficult
ګرانه;adjectives‎;dear
ګرد;adjectives‎;round
ګردی;adjectives‎;round
ګلابي;adjectives‎;pink
ګنده;adjectives‎;dirty, rotten
ګړندی;adjectives‎;fast, quick, strong
ګڼ;adjectives‎;crowded, dense, thick
باندې;adverbs‎;upon, above
بد;adverbs‎;(bad)#badly
برايي;adverbs‎;last night
بربر;adverbs‎;(baṛbaṛ)#repeatedly, often, frequently
بل ځل;adverbs‎;next time
بيا;adverbs‎;again
بېخي;adverbs‎;completely, veryvery, to a great extent
بېرته;adverbs‎;back, again
تل;adverbs‎;(tál)#always#everytime#ever
داسې;adverbs‎;suchthus
دلته;adverbs‎;here
دلې;adverbs‎;here
دويم ځل;adverbs‎;second time
ساپټ;adverbs‎;wholly, entirely, completelyPashto Dictionary, Tashrihi Qamos Pashto Glossary, Raverty, H. G. (1867) , “ساپټ”, in A dictionary of the Puk'hto, Pus'hto, or language of the Afghans: with remarks on the originality of the language, and its affinity to other oriental tongues, London: Williams & Nortgate
فقط;adverbs‎;(faqát)#only
نو;adverbs‎;(no)#then
هلته;adverbs‎;there
هو;adverbs‎;(ho)#yes
هورې;adverbs‎;there
ورو;adverbs‎;slowly
ورځ په ورځ;adverbs‎;day by day, daily
ځکه;adverbs‎;since, therefore
څنګه;adverbs‎;how, how about, what about, څنګه یې؟‎, لنډه کیسه څنګه ولیکو؟‎, ˈt͡səŋgə jɛ?, lənɖə kisə t͡səŋgə woliku?, How are you (singular/informal)?, How should we write a short story?
څومره;adverbs‎;how many, how much
ډېر;adverbs‎;very, much, many
ښايي;adverbs‎;perhaps, possibly
ښه;adverbs‎;good, well, ‏ښه يمه‎I am well (IPA(key): /çə jəˈ.ma/), Central Dialect(file)OK, alright
کله;adverbs‎;when
کېدې شي;adverbs‎;perhaps, could be, maybe
ځکه چې;conjunctions‎;because
او;conjunctions‎;(aw)#and
که;conjunctions‎;(kë)#if#or
ځکه چې;conjunctions‎;because
او;conjunctions‎;(aw)#and
که;conjunctions‎;(kë)#if#or
او;conjunctions‎;(aw)#and
ځکه چې;conjunctions‎;because
که;conjunctions‎;(kë)#if#or
د ... په منځ کې;circumpositions‎;(dë ... pë manź ke)#between, among
په ... کې;circumpositions‎;(pë ... ke)#in
په ... کې;circumpositions‎;(pë ... ke)#in
د ... په منځ کې;circumpositions‎;(dë ... pë manź ke)#between, among
د ... په منځ کې;circumpositions‎;(dë ... pë manź ke)#between, among
په ... کې;circumpositions‎;(pë ... ke)#in
هر;determiners‎;(har)#every, each#Antonym: هيڅ‎ (hiś)
هر;determiners‎;(har)#every, each#Antonym: هيڅ‎ (hiś)
هر;determiners‎;(har)#every, each#Antonym: هيڅ‎ (hiś)
اخ;interjections‎;(akh)#ouch
اوش;interjections‎;(oš)#used for a donkey to make it stopSee alsoEdit#اوشه‎
اوشه;interjections‎;used for a donkey to make it go
اېخ;interjections‎;used for a camel to make it kneel
بښنه;interjections‎;forgivenesssorry
مننه;interjections‎;thank you
مړه;interjections‎;dude, (slang) A term of address for man
مړې;interjections‎;a (feminine) dude, dudess, (slang) A term of address for woman
وئ;interjections‎;second-person plural simple past of يم‎ouch
وخ;interjections‎;ouch
ځار;interjections‎;dear
آره;nouns‎;(âra) f#original#realDeclensionEdit#declension of آره##masculine##feminine##singular#plural#singular#plural#direct#آر‎(âr)#آر‎(âr)#آره‎(âra)#آرې‎(âre)#oblique#آر‎(âr)#آرو‎(âro)#آرې‎(âre)#آرو‎ (âro)#vocative#آره‎(âra)#آرو‎(âro)#آرې‎(âre)#آرو‎(âro)#See alsoEdit#آر‎
آيات;nouns‎;(âyât) m#(Islam) verse (of the Qur'an)DeclensionEdit#declension of آيات##singular##plural#direct#آيات (âyât)#آياتونه‎ (âyâtuna)#oblique#آيات (âyât)#آياتونو‎ (âyâtuno)#vocative#آياته‎ (âyâta)#آياتونو‎ (âyâtuno)###
اتل;nouns‎;(atël)#brave, bold, heroicSee alsoEdit#اتله‎
اتله;nouns‎;female hero, heroine, champion, victorbrave, bold, heroic
اتڼ;nouns‎;attan dance
احتلام;nouns‎;(ehtelấm) m#(physiology) nocturnal emission
احساس;nouns‎;(ihsās) m (plural احساسونه‎)#feeling#(psychology) emotion
اخښی;nouns‎;brother-in-law (wife's brother)
ارزښت;nouns‎;importance, value
ارمان;nouns‎;(armân) m#wish#sorrow#yearningDeclensionEdit#declension of ارمان##singular##plural#direct#ارمان (armân)#ارمانونه‎ (armânuna)#oblique#ارمان (armân)#ارمانونو‎ (armânuno)#vocative#ارمانه‎ (armâna)#ارمانونو‎ (armânuno)#
اري;nouns‎;(ari) m#Bactrian camel, a two humped camel
ازغی;nouns‎;thorn
اس;nouns‎;(as) m#horseDeclensionEdit#declension of اس##singular##plural#direct#اس (as)#اسونه‎ (asuna)#oblique#اس (as)#اسونو‎ (asuno)#vocative#اسه‎ (asa)#اسونو‎ (asuno)#Dialectal:##declension of اس##singular##plural#direct#اس (as)#اسان‎ (asân)#oblique#اس (as)#اسانو‎ (asâno)#vocative#اسه‎ (asa)#اسانو‎ (asâno)#
اسلام;nouns‎;(islâm) m#Islam
اسمان;nouns‎;sky, heaven
اسپه;nouns‎;(aspa) f#mareDeclensionEdit#declension of اسپه##singular##plural#direct#اسپه (aspa)#اسپې‎ (aspe)#oblique#اسپې‎ (aspe)#اسپو‎ (aspo)#vocative#اسپې‎ (aspe)#اسپو‎ (aspo)###
اسکيمو;nouns‎;Eskimo
اغزی;nouns‎;thorn
افغان;nouns‎;(afǧân) m#AfghanDeclensionEdit#declension of افغان##singular##plural#direct#افغان (afǧân)#افغانان‎ (afǧânân)#oblique#افغان (afǧân)#افغانانو‎ (afǧânâno)#vocative#افغانه‎ (afǧâna)#افغانانو‎ (afǧânâno)#Related
الوبالو;nouns‎;cherry
الوتکه;nouns‎;airplane
امام;nouns‎;(emâm) m#(Islam) imam
امريکايی;nouns‎;American (citizen, resident)American (of or pertaining to America or its culture)
املوک;nouns‎;persimmon
انا;nouns‎;(anâ) f#grandmotherDeclensionEdit#declension of انا##singular##plural#direct#انا (anâ)#اناګانې  اناوې  (anâgâne  anâwe)#oblique#انا (anâ)#اناګانو  اناوو  (anâgâno  anâwo)#vocative#انا (anâ)#اناګانو  اناوو  (anâgâno  anâwo)#
انار;nouns‎;(anâr) m#pomegranateDeclensionEdit#declension of انار##singular##plural#direct#انار (anâr)#انارونه‎ (anâruna)#oblique#انار (anâr)#انارونو‎ (anâruno)#vocative#اناره‎ (anâra)#انارونو‎ (anâruno)#See alsoEdit#انګوړی‎
اند;nouns‎;(and) m#view, thoughtDeclensionEdit#declension of اند##singular##plural#direct#اند (and)#اندونه‎ (anduna)#oblique#اند (and)#اندونو‎ (anduno)#vocative#انده‎ (anda)#اندونو‎ (anduno)###
انسان;nouns‎;(insān) m (feminine انسانه‎)#human, man#person
انځور;nouns‎;picture, image, photograph, painting
انځورګر;nouns‎;painter: An artist who paints pictures.
انګرېزي;nouns‎;English
انګور;nouns‎;grape
انګوړی;nouns‎;small pomegranate
اوبازي;nouns‎;swimming
اوبه;nouns‎;water
اور;nouns‎;(or) m#fire
اورلوبه;nouns‎;firework
اوريګامي;nouns‎;origami
اورګاډی;nouns‎;train
اوسېدونکی;nouns‎;resident
اوسېدونکې;nouns‎;resident
اولس;nouns‎;nation, people
اوړی;nouns‎;summer
اوږه;nouns‎;(anatomy) shouldergarlic, (plural) garlic
ايغلو;nouns‎;igloo
اينو;nouns‎;honeyguide
اپريدی;nouns‎;an Afridi man
اپيم;nouns‎;opium, (plural) opium
اپين;nouns‎;opium, (plural) opium
اړخ;nouns‎;side
اګل;nouns‎;clay pit; place from which pottery clay is obtained; quarry, drainage ditch
اېموجي;nouns‎;emoji
بابا;nouns‎;(bâbâ) m#(informal) dad, daddy#grandfatherDeclensionEdit#declension of بابا##singular##plural#direct#بابا (bâbâ)#باباګان‎ (bâbâgân)#oblique#بابا (bâbâ)#باباګانو‎ (bâbâgâno)#vocative#بابا (bâbâ)#باباګانو‎ (bâbâgâno)#
باد;nouns‎;(bâd) m#windFurther readingEdit#Raverty, H. G. (1867) , “باد”, in A dictionary of the Puk'hto, Pus'hto, or language of the Afghans: with remarks on the originality of the language, and its affinity to other oriental tongues, London: Williams & Nortgate
باران;nouns‎;(bârân) m#rainDeclensionEdit#declension of باران##singular##plural#direct#باران (bârân)#بارانونه‎ (bârânuna)#oblique#باران (bârân)#بارانونو‎ (bârânuno)#vocative#بارانه‎ (bârâna)#بارانونو‎ (bârânuno)#
بارکزی;nouns‎;an Barakzai man
بازو;nouns‎;(bâzu) m#(obsolete, rare) arm#a wooden long and rigid object on each of the four sides of a simple cot bedDeclensionEdit#declension of بازو##singular##plural#direct#بازو (bâzu)#بازوګان‎ (bâzugân)#oblique#بازو (bâzu)#بازوګانو‎ (bâzugâno)#vocative#بازو (bâzu)#بازوګانو‎ (bâzugâno)#
باغ;nouns‎;(bâǧ) m#gardenAlternative formsEdit#بڼ‎ (baṇ)
باغوان;nouns‎;gardener
بالښت;nouns‎;pillow
بام;nouns‎;(bâm) m#top of the house#roof#"Sandara"#‏ته چې په بام بندې ولاړه وې ته چا ته کتل. خلک زما په ننداره وو چې ما تا ته کتل‎When you [feminine] were standing on the roof, who were you looking at ? People were observing my spectacle that I was looking at you.DeclensionEdit#declension of بام##singular##plural#direct#بام (bâm)#بامونه‎ (bâmuna)#oblique#بام (bâm)#بامونو‎ (bâmuno)#vocative#بامه‎ (bâma)#بامونو‎ (bâmuno)#
باچا;nouns‎;king
باڼه;nouns‎;eyelash
بته;nouns‎;(bëta) f#gooseDeclensionEdit#declension of بته##singular##plural#direct#بته (bëtaa)#بتې‎ (bëtae)#oblique#بتې‎ (bëtae)#بتو‎ (bëtao)#vocative#بتې‎ (bëtae)#بتو‎ (bëtao)#
بدي;nouns‎;(bëdi) f#feud#enmity
بدپوری;nouns‎;bad debtor
برابر;nouns‎;(barâbar) m#even#equal
برج;nouns‎;(braj) m (plural برجونه‎ (brajuna))#towerDeclensionEdit#declension of برج##singular##plural#direct#برج (braj)#برجونه‎ (brajuna)#oblique#برج (braj)#برجونو‎ (brajuno)#vocative#برجه‎ (braja)#برجونو‎ (brajuno)#
برغټ;nouns‎;manul, wild cat, mountain cat
برېت;nouns‎;moustache
بسيه کول;nouns‎;to comfort
بغری;nouns‎;pimp
بغور;nouns‎;(Marwat Dialect) cheek
بلا;nouns‎;(bëlâ) f#monsterDeclensionEdit#declension of بلا##singular##plural#direct#بلا (bëlâ)#بلاګانې  بلاوې  (bëlâgâne  bëlâwe)#oblique#بلا (bëlâ)#بلاګانو  بلاوو  (bëlâgâno  bëlâwo)#vocative#بلا (bëlâ)#بلاګانو  بلاوو  (bëlâgâno  bëlâwo)#
بلوک;nouns‎;platoon, group of people
بن;nouns‎;(bën) f#co-wifeDeclensionEdit#declension of بن##singular##plural#direct#بن (bën)#بنې‎ (bëne)#oblique#بنې‎ (bëne)#بنو‎ (bëno)#vocative#بنې‎ (bëne)#بنو‎ (bëno)#
بنده;nouns‎;(banda) m#servant#slaveDeclensionEdit#declension of بنده##singular##plural#direct#بنده (banda)#بندهګان‎ (bandagân)#oblique#بنده (banda)#بندهګانو‎ (bandagâno)#vocative#بنده (banda)#بندهګانو‎ (bandagâno)#
بندي;nouns‎;prisoner
بودا;nouns‎;(budā) m#Buddha
بوره;nouns‎;(bura) f#woman who has lost a son#ewe which has lost her lambDeclensionEdit#declension of بوره##singular##plural#direct#بوره (bura)#بورې‎ (bure)#oblique#بورې‎ (bure)#بورو‎ (buro)#vocative#بورې‎ (bure)#بورو‎ (buro)#
بونا;nouns‎;(bonâ) m#dwarf, midgetDeclensionEdit#declension of بونا##singular##plural#direct#بونا (bonâ)#بوناګان‎ (bonâgân)#oblique#بونا (bonâ)#بوناګانو‎ (bonâgâno)#vocative#بونا (bonâ)#بوناګانو‎ (bonâgâno)#
بوى;nouns‎;smell
بوټپوهنه;nouns‎;botany
بيزو;nouns‎;monkey
بييی;nouns‎;zebra
بڅرکی;nouns‎;spark of fire
بړستن;nouns‎;blanket
بښنه;nouns‎;forgivenesssorry
بکاڼه;nouns‎;chinaberry (melia azedarach)
بڼ;nouns‎;garden, orchard
بڼهار;nouns‎;buzzing
بڼوال;nouns‎;gardener
بڼکی;nouns‎;buzzer
بېلتون;nouns‎;separation
بېړۍ;nouns‎;ship, boat
تانوکی;nouns‎;raccoon dog
تاو;nouns‎;heat
تماله;nouns‎;Indian bay leaf, cinnamomum tamala
تندولی;nouns‎;purslane ^  Aslanov, M. G. (1985) , “تندولی”, in Puštu-russkij slovarʹ [Pashto–Russian Dictionary], 2nd edition, Moscow: Russkij jazyk, page 252a, ,  ^  Pashtoon, Zeeya A. (2009) , “تندولی”, in Pashto–English Dictionary, Hyattsville: Dunwoody Press, page 206b, , 
تنور;nouns‎;(Tënur) m#ovenDeclensionEdit#declension of تنور##singular##plural#direct#تنور (tënur)#تنرۀ‎ (tënrë)#oblique#تنور (tënur)#تنرو‎ (tënro)#vocative#تنوره‎ (tënura)#تنرو‎ (tënro)#
توت;nouns‎;(tut) m#mulberryDeclensionEdit#declension of توت##singular##plural#direct#توت (tut)#توتان‎ (tutân)#oblique#توت (tut)#توتانو‎ (tutâno)#vocative#توته‎ (tuta)#توتانو‎ (tutâno)#
توتي;nouns‎;parrot
تودوخي;nouns‎;heat, temperature
توپان;nouns‎;a storm
تيپي;nouns‎;teepee, a cone-shaped tent
تڼۍ;nouns‎;button, key
تېروتنه;nouns‎;mistake
جاروکښ;nouns‎;sweeper
جام;nouns‎;(jâm) m#cup, gobletDeclensionEdit#declension of جام##singular##plural#direct#جام (jâm)#جامونه‎ (jâmuna)#oblique#جام (jâm)#جامونو‎ (jâmuno)#vocative#جامه‎ (jâma)#جامونو‎ (jâmuno)#
جماع;nouns‎;(jimâ`) f#(obsolete, rare) coitus, sexual intercourse
جنسيت;nouns‎;quality, sexuality
جنګ;nouns‎;war
جنۍ;nouns‎;Alternative form of نجلۍ‎
جهاز;nouns‎;(jahâz) m#(obsolete, rare) ship
جږګی;nouns‎;hedgehog
جکړ;nouns‎;a storm, a squall
جګتيا;nouns‎;height
جګړن;nouns‎;(military) major, (archaic) warrior, soldier
جګړه;nouns‎;fight
حکومت;nouns‎;(hukumát) m#government
خت;nouns‎;kamees, shirt
ختيځ;nouns‎;east
خدای;nouns‎;(xwdây) m#God
خمچې;nouns‎;rice millet, rice bran
خوان;nouns‎;(xwân) m#a large tray which serves as a tableDerived
خواږه;nouns‎;sweets; plural of خوږ‎
خور;nouns‎;(xor) f#sisterDeclensionEdit#declension of خور##singular##plural#direct#خور (xor)#خويندې‎ (xwainde)#oblique#خور (xor)#خويندو‎ (xwaindo)#vocative#خورې‎ (xore)#خويندو‎ (xwaindo)#
خوراک;nouns‎;(xwarā́k, xorā́k) m#food
خوله;nouns‎;(anatomy) mouth
خولۍ;nouns‎;cap
خونه;nouns‎;(xuna) f#room, dwelling
خوټه;nouns‎;(anatomy) testicle
خوځنده انځور;nouns‎;moveable picture; motion picture
خوړنځی;nouns‎;restaurant, café, eating place
خيدک;nouns‎;curdled milk, cheese
خپسه;nouns‎;(folklore) Night hag, (folklore) ghoul or demon that suffocates people when they sleep
خېل;nouns‎;clan
خېټه;nouns‎;stomach, belly
دارو;nouns‎;(dârû) m#(slang) alcohol#(rare) medicine, drug (medication), medicationDeclensionEdit#declension of دارو##singular##plural#direct#دارو (dârû)#داروګان‎ (dârûgân)#oblique#دارو (dârû)#داروګانو‎ (dârûgâno)#vocative#دارو (dârû)#داروګانو‎ (dârûgâno)#
دانش;nouns‎;(dâníš) m#knowledge#Synonym: پوهنه‎ (pohëna)
دانه;nouns‎;(dâna) f#piece#grain
دانګ;nouns‎;a club, shaft, mace
درزي;nouns‎;tailor
درمل;nouns‎;medicine, drug (medication), medication
درملتون;nouns‎;pharmacy
درملپوهنه;nouns‎;pharmacology
دروازه;nouns‎;(darwâzë)#doorway
دروزه;nouns‎;stubble, stumps of wheat, etc., left by the sickle; haulm
دروغ;nouns‎;(droğ) f#lie#falsehood
دعوه;nouns‎;claim
دقيقه;nouns‎;minute (unit of time)
دوبی;nouns‎;summer
دود;nouns‎;(dod) f#tradition, customDeclensionEdit#declension of دود##singular##plural#direct#دود (dod)#دودونه‎ (doduna)#oblique#دود (dod)#دودونو‎ (doduno)#vocative#دوده‎ (doda)#دودونو‎ (doduno)#
دوست;nouns‎;(dost) m (plural دوستان‎ (dostân))#(obsolete, unfashionable) friend#Synonym: ملګری‎ (mëlgëray)DeclensionEdit#declension of دوست##singular##plural#direct#دوست‎ (dost)#دوستان‎ (dostân)#oblique I#دوست‎ (dost)#دوستانو‎ (dostâno)#oblique II#دوسته‎ (dosta)#دوستانو‎ (dostâno)#vocative#دوسته‎ (dosta)#دوستانو‎ (dostâno)##
دوی;nouns‎;they (visible plural third person)law
دړ;nouns‎;pain, ache
دړد;nouns‎;pain, ache
دېو;nouns‎;(folklore) giant
دېګ;nouns‎;pot, caldron
دېګلی;nouns‎;small pot
ذکر;nouns‎;(zikr) m (plural ذکرونه‎ (zikruna))#(religious, Islam) remembrance#(religious, Islam) praise; commemorationDeclensionEdit#declension of ذکر##singular##plural#direct#ذکر (zikr)#ذکرونه‎ (zikruna)#oblique#ذکر (zikr)#ذکرونو‎ (zikruno)#vocative#ذکره‎ (zikra)#ذکرونو‎ (zikruno)#Derived
رحم;nouns‎;(rëhëm) m#(religious, Islam) mercy
رسنۍ;nouns‎;media
رنډۍ;nouns‎;prostitute, hooker, whore, harlot, slut
رنګ;nouns‎;color
روش;nouns‎;(rawíš) m#(rare, obsolete) manner, behaviour#(rare, obsolete) method, way, approach
روغتون;nouns‎;hospital
روغتيا;nouns‎;health
رول;nouns‎;role: the function or position of something.
رڼا;nouns‎;light
رېبز;nouns‎;broom
زاڼه;nouns‎;crane
زبرځواک;nouns‎;superpower
زر;nouns‎;(zar) m#metal
زغره;nouns‎;armour, chainmail
زمری;nouns‎;lion
زمرۍ;nouns‎;lioness
زنه;nouns‎;chin
زوی;nouns‎;son
زړه;nouns‎;heart
زڼکی;nouns‎;boy
سا;nouns‎;breath, soul
سابون;nouns‎;soap
ساړه;nouns‎;plural of سوړ‎
سترګه;nouns‎;(anatomy) eye
ستورڅک;nouns‎;skyscraper
ستوری;nouns‎;(astronomy) star
سخی;nouns‎;(male) calf
سرېښ;nouns‎;conterminal, neighbouring, having the same boundaries, bordering onglue
سمندر;nouns‎;(samandar) m#ocean
سنډا;nouns‎;(male) buffalo
سهم;nouns‎;(sahm) m#share
سورلنډی;nouns‎;jackal
سوټک;nouns‎;hammer
سيلۍ;nouns‎;flurry, gust, squall
سيمه;nouns‎;region
سيند;nouns‎;river
سټک;nouns‎;sledgehammer
سپنج;nouns‎;(spanj) m#spongeDeclensionEdit#declension of سپنج##singular##plural#direct#سپنج (spanj)#سپنجونه‎ (spanjuna)#oblique#سپنج (spanj)#سپنجونو‎ (spanjuno)#vocative#سپنجه‎ (spanja)#سپنجونو‎ (spanjuno)#
سپوږمۍ;nouns‎;moon
سپين ږيری;nouns‎;elder, white bearded man
سپی;nouns‎;(spay) m#dogDeclensionEdit#declension of سپى##singular##plural#direct#سپى‎ (spay)#سپي‎ (spi)#oblique#سپي‎ (spi)#سپو‎ (spo)#vocative#سپيه‎ (spya)#سپو‎ (spo)###
سړی;nouns‎;man, husband
سږى;nouns‎;lung
سکالو;nouns‎;dialog, talk, conversation, discussion
سګرېټ;nouns‎;cigarette
سېلۍ;nouns‎;wind; winds, strong wind(s)
شالي;nouns‎;rice before it is threshed
شاهد;nouns‎;(šâhéd) m (plural اشهاد‎)#witness
شرمښ;nouns‎;wolf
شغال;nouns‎;(šaǧâl) m#jackal
شلتالو;nouns‎;peach fruit
شمېرپوهنه;nouns‎;mathematics, maths
شهود;nouns‎;(šuhúd) m#This term needs a translation to English. Please help out and add a translation, then remove the text {{rfdef}}.
شوتالو;nouns‎;peach fruit
شوملې;nouns‎;buttermilk, a yogurt drink, lassi, yogurt mixed with water
شيګره;nouns‎;rain
صدمه;nouns‎;(sadamá) f#harm, hurt, injury#damage
صورت;nouns‎;(surát) m#form; shape
طالب;nouns‎;(tâlib) m (plural طالبان‎ (tâlibân))#(singular) TalibanDeclensionEdit#declension of طالب##singular##plural#direct#طالب (tâlib)#طالبان‎ (tâlibân)#oblique#طالب (tâlib)#طالبانو‎ (tâlibâno)#vocative#طالبه‎ (tâliba)#طالبانو‎ (tâlibâno)#
غالۍ;nouns‎;rug, carpet
غاښ;nouns‎;tooth
غبرګاوی;nouns‎;feedback
غر;nouns‎;(ǧar) m (plural غرونه‎ (ǧruna))#mountainDeclensionEdit#declension of غر##singular##plural#direct#غر (ǧar)#غرونه‎ (ǧruna)#oblique#غر (ǧar)#غرونو‎ (ǧruno)#vocative#غره‎ (ǧara)#غرونو‎ (ǧruno)#Derived
غرڅنی;nouns‎;relating to the mountainsman of the mountains, highlander, mountain animal; stag
غل;nouns‎;(ǧal) m#thiefDeclensionEdit#declension of غل##singular##plural#direct#غل (ǧal)#غلۀ‎ (ǧlë)#oblique#غل (ǧal)#غلو‎ (ǧlo)#vocative#غله‎ (ǧala)#غلو‎ (ǧlo)###
غلا;nouns‎;(ǧlâ) f#theftDeclensionEdit#declension of غلا##singular##plural#direct#غلا (ǧlâ)#غلاګانې  غلاوې  (ǧlâgâne  ǧlâwe)#oblique#غلا (ǧlâ)#غلاګانو  غلاوو  (ǧlâgâno  ǧlâwo)#vocative#غلا (ǧlâ)#غلاګانو  غلاوو  (ǧlâgâno  ǧlâwo)###
غم;nouns‎;(ǧam) m#grief, sorrowDerived
غمی;nouns‎;gem
غنم;nouns‎;(ǧanëm) m (plural غنم)#wheatDeclensionEdit#declension of غنم##singular##plural#direct#غنم (ǧanëm)#غنم (ǧanëm)#oblique#{{{3}}}و ({{{4}}}o)#{{{3}}}و ({{{4}}}o)#vocative#غنم (ǧanëm)#غنم (ǧanëm)###
غو;nouns‎;(ğo) m (plural غو)#sexual intercourse, coitus, fucking
غوا;nouns‎;cow
غوبه;nouns‎;cowboy, cattle owner, cowherd
غومبه;nouns‎;swelling, mushroom
غونه;nouns‎;colour
غونډاری;nouns‎;sphere, globe
غويی;nouns‎;ox, bull(astrology) Taurus
غوړي;nouns‎;cooking oil, purified fat, ghee
غوږ;nouns‎;(anatomy) ear
غوښه;nouns‎;meat
غویي;nouns‎;oxen, bulls, plural of غويی‎
غيڼ;nouns‎;penis, dick, cock
غپا;nouns‎;barking
غړی;nouns‎;member, organ, muscle
غڼه;nouns‎;spider
غېږ;nouns‎;embrace, armful, wrestling
فردوس;nouns‎;(firdaws) m#the highest level of paradise
قاموس;nouns‎;(qâmos) m#(obsolete, rare) dictionaryDeclension#declension of قاموس##singular##plural#direct#قاموس (qâmos)#قاموسونه‎ (qâmosuna)#oblique#قاموس (qâmos)#قاموسونو‎ (qâmosuno)#vocative#قاموسه‎ (qâmosa)#قاموسونو‎ (qâmosuno)#Synonyms#وييپانګه‎ (wëyipânga)
كاچوغه;nouns‎;spoon
كوتره;nouns‎;pigeon
لار;nouns‎;(lâr) f#wayDeclensionEdit#declension of لار##singular##plural#direct#لار (lâr)#لارې‎ (lâre)#oblique#لارې‎ (lâre)#لارو‎ (lâro)#vocative#لارې‎ (lâre)#لارو‎ (lâro)#
لاريون;nouns‎;demonstration, protest
لاس;nouns‎;hand
لاس ګاډی;nouns‎;wheelbarrow
لاسليک;nouns‎;signature
لامبو;nouns‎;swimming
لرغونپوهنه;nouns‎;archaeology
لرګی;nouns‎;wood
لم;nouns‎;(lëm) m#tail
لمر;nouns‎;sun
لمر تندره;nouns‎;solar eclipse
لمريز غونډال;nouns‎;solar system
لمسی;nouns‎;grandson
لمن;nouns‎;(lamën) f#hem#skirtDeclensionEdit#declension of لمن##singular##plural#direct#لمن (lamën)#لمنې‎ (lamëne)#oblique#لمنې‎ (lamëne)#لمنو‎ (lamëno)#vocative#لمنې‎ (lamëne)#لمنو‎ (lamëno)###
لمونځ;nouns‎;prayer
لوبه;nouns‎;game
لور;nouns‎;(lor) m#sickleDeclensionEdit#declension of لور##singular##plural#direct#لور (lor)#لورونه‎ (loruna)#oblique#لور (lor)#لورونو‎ (loruno)#vocative#لوره‎ (lora)#لورونو‎ (loruno)###
لوست;nouns‎;Lesson, Reading
لوڅ تيا;nouns‎;nakedness, nudity
لوېديځ;nouns‎;west
ليکوال;nouns‎;writer, ‏هغه رښتيانى او ستر ليکوال دئ‎ ― He is a really great writer., ‏د شوروي ليکوالو اتحاديه‎ ― Union of Soviet Writers
لپه;nouns‎;(lapa) f#handful#the quantity that could be contained in the cup of both handsDeclensionEdit#declension of لپه##singular##plural#direct#لپه (lapa)#لپې‎ (lape)#oblique#لپې‎ (lape)#لپو‎ (lapo)#vocative#لپې‎ (lape)#لپو‎ (lapo)#
لړم;nouns‎;scorpion
لړه;nouns‎;mist, fog
لېور;nouns‎;brother-in-law (husband's brother)
لېونی;nouns‎;crazy, insanecrazy person, nutter, nutjob, basketcase
لېونۍ;nouns‎;crazy, insanecrazy person, nutter, nutjob, basketcase
لېوۀ;nouns‎;wolf
مالک;nouns‎;(mâlik) m (plural مالکان‎ (mâlikân))#proprietor, ownerDeclensionEdit#declension of مالک##singular##plural#direct#مالک (mâlik)#مالکان‎ (mâlikân)#oblique#مالک (mâlik)#مالکانو‎ (mâlikâno)#vocative#مالکه‎ (mâlika)#مالکانو‎ (mâlikâno)#Related
مالګه;nouns‎;salt
ماما;nouns‎;(mâmâ) m#maternal uncleDeclensionEdit#declension of ماما##singular##plural#direct#ماما (mâmâ)#ماماګان‎ (mâmâgân)#oblique#ماما (mâmâ)#ماماګانو‎ (mâmâgâno)#vocative#ماما (mâmâ)#ماماګانو‎ (mâmâgâno)#
ماښام;nouns‎;sunset time, evening, maghrib
ماڼۍ;nouns‎;building, palace
مخوېينه;nouns‎;prediction, foretelling
مذهب;nouns‎;(mazhab) m#religion
مرخېړی;nouns‎;mushroom
مرستونی;nouns‎;helper, aide
مرغ;nouns‎;(mrağ) m#a weight used in bodybuilding#a large stone at just the weight that a man can lift, and used in the game or exercise of putting the stoneDeclensionEdit#declension of مرغ##singular##plural#direct#مرغ (mrağ)#مرغونه‎ (mrağuna)#oblique#مرغ (mrağ)#مرغونو‎ (mrağuno)#vocative#مرغه‎ (mrağa)#مرغونو‎ (mrağuno)#
مرغه;nouns‎;bird
مرغړی;nouns‎;(botany) gland, glandular swelling
مرغۀ;nouns‎;bird ^  Qamosona - Pashto Dictionary, ,  ^  Raverty - Pashto Dictionary, , 
مرګ;nouns‎;death
مزری;nouns‎;lion
مسه;nouns‎;crocodile
مشرانوجرګه;nouns‎;Parliament; the upper house
معدن;nouns‎;(mâdën) m (plural معدنونه‎ (mâdënûna))#(rare, obsolete) mineralDeclensionEdit#declension of معدن##singular##plural#direct#معدن (mâdën)#معدنونه‎ (mâdënuna)#oblique#معدن (mâdën)#معدنونو‎ (mâdënuno)#vocative#معدنه‎ (mâdëna)#معدنونو‎ (mâdënuno)#
ملک;nouns‎;(malik) m (plural ملکان‎ (malikân))#kingDeclensionEdit#declension of ملک##singular##plural#direct#ملک (malik)#ملکان‎ (malikân)#oblique#ملک (malik)#ملکانو‎ (malikâno)#vocative#ملکه‎ (malika)#ملکانو‎ (malikâno)#Related
ملکه;nouns‎;(malika) f#queen
ملګری;nouns‎;friend, companion
ملګرې;nouns‎;friend, companion
من;nouns‎;(man) m#maund (unit of mass)
منو;nouns‎;(mano) f#sharkDeclensionEdit#declension of منو##singular##plural#direct#منو (mano)#منوګانې‎ (manogâne)#oblique#منو (mano)#منوګانو‎ (manogâno)#vocative#منو (mano)#منوګانو‎ (manogâno)#
مني;nouns‎;(maní) m#semen, sperm
منټ;nouns‎;minute (unit of time)
منځ;nouns‎;middle
منډه;nouns‎;a run
مور;nouns‎;(mor) f#motherDeclensionEdit#declension of مور##singular##plural#direct#مور (mor)#ميندې‎ (mainde)#oblique#مور (mor)#ميندو‎ (maindo)#vocative#مورې‎ (more)#ميندو‎ (maindo)#
موسيقي;nouns‎;(musiqi) f#musicDeclensionEdit#declension of موسيقي##singular##plural#direct#موسيقي (musiqi)#موسيقۍ‎ (musiqai)#oblique#موسيقۍ‎ (musiqai)#موسيقيو‎ (musiqëyo)#vocative#موسيقۍ‎ (musiqai)#موسيقيو‎ (musiqëyo)###
موټک;nouns‎;masturbation
موږک;nouns‎;mouse
مياشت;nouns‎;month
مينه;nouns‎;love
ميېر;nouns‎;(Wazirwola) sun
مټ;nouns‎;arm
مټونګى;nouns‎;bastard, illegitimate child
مړۍ;nouns‎;bread
میاشت;nouns‎;mouth
میرزا;nouns‎;(mírzâ) m#clerkDeclensionEdit#declension of میرزا##singular##plural#direct#میرزا (mírzâ)#میرزايان‎ (mírzâyân)#oblique#میرزا (mírzâ)#میرزايانو‎ (mírzâyâno)#vocative#میرزا (mírzâ)#میرزايانو‎ (mírzâyâno)#
مېجی;nouns‎;ram
مېخ;nouns‎;nail
مېشکوړ;nouns‎;a large jujube
مېلمه;nouns‎;guest
مېلوه;nouns‎;(Wazirwola) vine, (Wazirwola) grape
مېچن;nouns‎;handmill, quern
مېړګی;nouns‎;(Marwat Dialect) pony
مېړۀ;nouns‎;husband
مېښه;nouns‎;(female) buffalo
نبي;nouns‎;(nabi) m#(religion) prophet
نجلۍ;nouns‎;girl
نرکاشه;nouns‎;impala
نس;nouns‎;(nas) m#stomach, belly
نسخه;nouns‎;(nusxá) f#copy
نشت;nouns‎;(nëšt)#zero
نطفه;nouns‎;(formal) sperm
نقطه;nouns‎;(noqtá) f#point#full stop
نمونځ;nouns‎;prayer, salat
ننګ;nouns‎;honour, honor
نو;nouns‎;(no)#then
نوم;nouns‎;(num) m (plural نومونه‎)#name
نوملړ;nouns‎;list
نوکغوڅی;nouns‎;nail cutter
نوی کال;nouns‎;New Year
نيا;nouns‎;grandmother
نياو;nouns‎;justice
نيمبو;nouns‎;lemon, lime
نيوکه;nouns‎;critique, objection
نړيواله غږيزه ابېڅې;nouns‎;International Phonetic Alphabet
نړۍ;nouns‎;world, worlds
نښتر;nouns‎;pine tree (specifically, Pinus wallichiana)
هدف;nouns‎;(hëdëf) m#(rare, obsolete) goal
هسک;nouns‎;highsky
هلک;nouns‎;boy
همېل;nouns‎;necklace, garland
هنداره;nouns‎;mirror
هوايي ډګر;nouns‎;airport
هوکړه;nouns‎;consent
هيله;nouns‎;hope
هيلۍ;nouns‎;Alternative spelling of هېلۍ‎
هګۍ;nouns‎;egg, eggs
هېلۍ;nouns‎;duck, pochard, teal, waterfowlA female given name
هېواد;nouns‎;country, homeland
واورتون;nouns‎;place/home of snowHimalayas
واوره;nouns‎;snow
واټ;nouns‎;street, avenue
واک;nouns‎;(wâk) m#authorityDerived
واکمن;nouns‎;ruler: one who holds the reins of government.
ودان;nouns‎;prosperious, abundant
ور;nouns‎;(war) m#door
ورشو;nouns‎;meadow, a field for grazing
ورور;nouns‎;brother
وروځه;nouns‎;(anatomy) eyebrow
وريجې;nouns‎;rice
وريژې;nouns‎;rice
ورځ;nouns‎;day
ولسوالي;nouns‎;district
ولسي جرګه;nouns‎;Parliament; the lower house
وله;nouns‎;willow
ونه;nouns‎;tree
وولونګ چای;nouns‎;oolong tea
ووړکی;nouns‎;boy
ووړکۍ;nouns‎;girl
ووړی;nouns‎;summer
وينګ;nouns‎;pronunciation
ويه;nouns‎;(waya) f#eggDeclensionEdit#declension of ويه##singular##plural#direct#ويه (waya)#ويې‎ (waye)#oblique#ويې‎ (waye)#ويو‎ (wayo)#vocative#ويې‎ (waye)#ويو‎ (wayo)#
وييپانګه;nouns‎;dictionary
ويی;nouns‎;a word
وټه;nouns‎;economy, The system of production and distribution and consumption. The overall measure of a currency system; as the national economy.
وګړواکي;nouns‎;democracy
وګړپوهنه;nouns‎;anthropology
وګړی;nouns‎;human, man, person
وڼی;nouns‎;hunter
وینه;nouns‎;blood
ویښتۀ;nouns‎;Alternative form of ویښتۀ (weẍtë)
وېره;nouns‎;fear
وېښتان;nouns‎;hair
وېښته;nouns‎;hair
يما پاچا;nouns‎;an Pashtun King in folklore; perhaps King Jamshid (called Yima)
يوم;nouns‎;(yûm) m#spadeDeclensionEdit#declension of يوم##singular##plural#direct#يوم (yûm)#يومونه‎ (yûmuna)#oblique#يوم (yûm)#يومونو‎ (yûmuno)#vocative#يومه‎ (yûma)#يومونو‎ (yûmuno)###
يونی;nouns‎;traveller
ټاپو;nouns‎;island
ټبر;nouns‎;tribe
ټماټر;nouns‎;tomato, (plural) tomatoes
ټنډه;nouns‎;(anatomy) forehead, (feminine) fat, pregnant, swollen
ټوپکی;nouns‎;ball
ټوکر;nouns‎;cloth, piece, large basket
ټوکه;nouns‎;joke, jest, gag
ټوکي;nouns‎;joker, jester, comedian
ټپاکی;nouns‎;Alternative spelling of ټوپکی‎
پارسیوان;nouns‎;Persian speaker; a Persian person
پامدور;nouns‎;(Helmand or Kunduz Dialect) tomato
پايله;nouns‎;result
پاړو;nouns‎;snake charmer
پاڼه;nouns‎;leaf, paper, sheet
پت;nouns‎;(pat) m#honour#respectDeclensionEdit#declension of پت##singular##plural#direct#پت (pat)#پتونه‎ (patuna)#oblique#پت (pat)#پتونو‎ (patuno)#vocative#پته‎ (pata)#پتونو‎ (patuno)#
پتخ;nouns‎;(rare) drake; masculine form of پتخه
پتخه;nouns‎;duck
پتنګ;nouns‎;moth
پخلی;nouns‎;cooking
پرتله;nouns‎;comparison
پرتوګ;nouns‎;trousers, shalwar
پروړه;nouns‎;straw, thatch
پرېز;nouns‎;avoidance, abstinence
پرېکړه;nouns‎;decision
پسرلی;nouns‎;spring
پسهٔ;nouns‎;sheep
پشۍ;nouns‎;cat
پلار;nouns‎;father
پلاز;nouns‎;throne
پلازمېنه;nouns‎;capital city, centre of government
پلاله;nouns‎;rice straw
پلم;nouns‎;(pilm) m#movie, motion pictureDeclensionEdit#declension of پلم##singular##plural#direct#پلم (pilm)#پلمونه‎ (pilmuna)#oblique#پلم (pilm)#پلمونو‎ (pilmuno)#vocative#پلمه‎ (pilma)#پلمونو‎ (pilmuno)#Related
پلو;nouns‎;(transliteration needed) ?#This term needs a translation to English. Please help out and add a translation, then remove the text {{rfdef}}.
پمنکی;nouns‎;Caralluma tuberculata (syn. Apteranthes tuberculata), a vegetable used for consumption
پنير;nouns‎;cheese
پنځپوهنه;nouns‎;physics
پنډوس;nouns‎;sphere, ball
پور;nouns‎;(pōr) m#loan, debt, advance#
پوله;nouns‎;border, boundary, frontier
پوليس;nouns‎;police
پونده;nouns‎;(anatomy) heel
پوهاند;nouns‎;scholar, professor
پوهنتون;nouns‎;(pohantun) m#universityDeclensionEdit#declension of پوهنتون##singular##plural#direct#پوهنتون (pohantun)#پوهنتانۀ‎ (pohantânë)#oblique#پوهنتانۀ‎ (pohantânë)#پوهنتنو‎ (pohantëno)#vocative#پوهنتونه‎ (pohantuna)#پوهنتنو‎ (pohantëno)#
پوهنه;nouns‎;science, knowledge
پوڅه;nouns‎;cheese, coagulated milk
پوښتنه;nouns‎;question
پيسې;nouns‎;money
پيشو;nouns‎;cat
پيل;nouns‎;start, commencement, beginningelephant
پړانګ;nouns‎;leopard
پړسوب;nouns‎;inflation
پښتنه;nouns‎;Pashtun, ‏دا پښتنه ده‎She is a Pashtun.
پښتو;nouns‎;Pashto language
پښتون;nouns‎;Pashtun, ‏دا پښتون دی‎He is a Pashtun.
پښه;nouns‎;leg, foot
پکان;nouns‎;pecan, (plural) pecannuts ^  2005, Webster's New College Dictionary II [1] →ISBN, page 829: [Algonquian paccan], , 
پیل;nouns‎;(pil) m#elephantDeclensionEdit#declension of پیل##singular##plural#direct#پیل (pil)#پیلان‎ (pilân)#oblique#پیل (pil)#پیلانو‎ (pilâno)#vocative#پیله‎ (pila)#پیلانو‎ (pilâno)#
پېړۍ;nouns‎;century
ځان;nouns‎;self, lifeoneself
ځای;nouns‎;place
ځل;nouns‎;time (an instance or occurrence)
ځلمی;nouns‎;young
ځمکپوهنه;nouns‎;geography
ځنګل;nouns‎;forest, jungle, the wild
ځوان;nouns‎;young personyoung
ځواک;nouns‎;power; force
ځېل;nouns‎;stubbornness
څادر;nouns‎;sheet, scarf, cloak, shroud
څارونکى;nouns‎;warden, guard, overseer, patrolman
څاروى;nouns‎;cattle
څاوار;nouns‎;wig, hairpiece, false hair
څاپېړه;nouns‎;slap, slap in the face
څاښکه;nouns‎;starling
څنډه;nouns‎;side
څنګ;nouns‎;side
څنګل;nouns‎;(anatomy) elbow
څونوټ;nouns‎;cenote
څوکه;nouns‎;peak, top
څټک;nouns‎;hammer, sledgehammer
څپلۍ;nouns‎;sandal, sandals
څپېړه;nouns‎;slap, slap in the face
څښاک;nouns‎;drink, beverage
څکه;nouns‎;a taste
څېره;nouns‎;face, picture
څېړنه;nouns‎;research
چاينک;nouns‎;teapot
چای;nouns‎;(čây) m (plural چای)#tea
چسکه;nouns‎;pretty boy faggot, catamite
چل;nouns‎;(čal) m (plural چلونه‎ (čaluna))#deception#fraudDerived
چلو;nouns‎;(transliteration needed) ?#This term needs a translation to English. Please help out and add a translation, then remove the text {{rfdef}}.
چورلکه;nouns‎;helicopter
چوپړ;nouns‎;service
ډانډ;nouns‎;stem, stalk of a plant
ډاکو;nouns‎;bandit
ډبره;nouns‎;rock, stone
ډز;nouns‎;gunshot
ډله;nouns‎;group, mob
ډنډ;nouns‎;pool, pond
ډول;nouns‎;manner, way, typedrum
ډوډۍ;nouns‎;food, meal, bread
ډګه;nouns‎;(anatomy) penis
ږمنځ;nouns‎;comb
ږيره;nouns‎;beard
ژامه;nouns‎;jawbone
ژبه;nouns‎;language, (anatomy) tongue, word
ژبپوهنه;nouns‎;linguistics
ژبکۍ;nouns‎;(anatomy) uvula
ژرنده;nouns‎;mill, water mill; wind mill
ژوند;nouns‎;life
ژوندون;nouns‎;life
ژوندينکه;nouns‎;(biology) cell: the basic unit of a living organism, consisting of a quantity of protoplasm surrounded by a cell membrane, which is able to synthesize proteins and replicate itself.
ژوندپوهنه;nouns‎;biology
ژونکه;nouns‎;(biology) cell: the basic unit of a living organism, consisting of a quantity of protoplasm surrounded by a cell membrane, which is able to synthesize proteins and replicate itself.
ژوپوهنه;nouns‎;zoology
ژګاګ;nouns‎;skunk
ښار;nouns‎;city
ښارو;nouns‎;myna, mynah
ښاغلی;nouns‎;mister, gentleman
ښامار;nouns‎;large serpent, dragon
ښوونځی;nouns‎;school
ښوونکی;nouns‎;teacher
ښوونکې;nouns‎;teacher
ښځه;nouns‎;woman ^  Cheung, Johnny (2011)  Selected Pashto Problems II. Historical Phonology 1: On Vocalism and Etyma (Iran and the Caucasus)‎[1], volume 15, Brill Academic Publishers, page 183, , 
ښځينه يې;nouns‎;The name of the letter ۍ‎.
ښکار;nouns‎;hunt, hunting, prey
ښکر;nouns‎;horn
کال;nouns‎;year
کالي;nouns‎;attire, cloth, jewellery
کاپيوره;nouns‎;capybara
کاګل;nouns‎;a mixture of mud/clay and straw applied to walls
کاڼی;nouns‎;stonehard
کب;nouns‎;fish
کتاب;nouns‎;(kitâb) m (plural کتابونه‎ (kitâbuna))#bookDeclensionEdit#declension of کتاب##singular##plural#direct#کتاب (kitâb)#کتابونه‎ (kitâbuna)#oblique#کتاب (kitâb)#کتابونو‎ (kitâbuno)#vocative#کتابه‎ (kitâba)#کتابونو‎ (kitâbuno)#
کرټ;nouns‎;a Pashtun cheese dish
کرکره;nouns‎;crown of a chicken, (Marwat  Pashto) crane (bird)
کلتور;nouns‎;culture
کلک والى;nouns‎;hardness, firmness, toughness
کلکوالى;nouns‎;hardness, firmness, toughness
کلی;nouns‎;village
کندهار;nouns‎;Kandahar
کنوه;nouns‎;quinoa
کور;nouns‎;(kor) m (plural کورونه‎ (koruna))#houseDeclensionEdit#declension of کور##singular##plural#direct#کور‎ (kor)#کورونه‎ (koruna)#oblique I#کور‎ (kor)#کورونو‎ (koruno)#oblique II#کوره‎ (kora)#کورونو‎ (koruno)#vocative#کوره‎ (kora)#کورونو‎ (koruno)##
کوربه;nouns‎;host
کورنۍ;nouns‎;family, household
کوس;nouns‎;(kwës) m#vagina#vulvaFurther readingEdit#Pashto-French Dictionary, Dr. M. Akbar Wardag#Raverty, H. G. (1867) , “کوس”, in A dictionary of the Puk'hto, Pus'hto, or language of the Afghans: with remarks on the originality of the language, and its affinity to other oriental tongues, London: Williams & Nortgate
کومی;nouns‎;(anatomy) pharynx
کونه;nouns‎;(vulgar) ass, butt, backside
کونګرى;nouns‎;puppy, pup, whelp, cub
کوټ;nouns‎;coat, overcoatPashto-English Dictionary, Academy of Sciences Kabulkind of alloyPashto-English Dictionary, Qamosona.comfort, stronghold, citadel, fortressPashto-English Dictionary, Academy of Sciences Kabul, Raverty, H. G. (1867) , “کوټ”, in A dictionary of the Puk'hto, Pus'hto, or language of the Afghans: with remarks on the originality of the language, and its affinity to other oriental tongues, London: Williams & Nortgate
کوټه;nouns‎;room
کړ;nouns‎;(grammar) a verbpast perfect stem of کول‎
کړه;nouns‎;character, behaviour, mannerisms
ګام;nouns‎;step, footstep
ګاډی;nouns‎;carriage, car, vehicle
ګاڼه;nouns‎;jewellery, ornament
ګبين;nouns‎;honey, (plural) honey
ګرمي;nouns‎;heat
ګروه;nouns‎;groupfaith, belief
ګل;nouns‎;flower, Monday
ګهيځ;nouns‎;morning
ګودر;nouns‎;ford, bank of the river where water is collected from
ګوړه;nouns‎;jaggery, brown sugar
ګيټۍ;nouns‎;small piece of broken flat stone, potsherd, round flat stone
ګټه;nouns‎;profit, benefit, rock, stone
ګډون;nouns‎;participation, mixture
ګډی;nouns‎;ram
ګړدود;nouns‎;dialect
ګېنډی;nouns‎;rhinoceros, rhino
ګېډه;nouns‎;stomach
اتلس;numerals‎;eighteen
اته;numerals‎;eight
اتيا;numerals‎;eighty
اوولس;numerals‎;seventeen
اووه;numerals‎;seven
اويا;numerals‎;seventy
درې;numerals‎;three
دوه;numerals‎;(dwa)#two
دوولس;numerals‎;twelve
ديارلس;numerals‎;thirteen
دېرش;numerals‎;thirty
زر;numerals‎;(zar) m#metal
سل;numerals‎;(sël)#hundred
شل;numerals‎;(šël)#twenty
شپاړس;numerals‎;sixteen
شپږ;numerals‎;six
شپېته;numerals‎;sixty
لس;numerals‎;(las)#ten
ميليون;numerals‎;million
نشت;numerals‎;(nëšt)#zero
نه;numerals‎;(në)#nine
نولس;numerals‎;nineteen
نوي;numerals‎;(nawi)#ninety
يو;numerals‎;(yaw)#one
يوولس;numerals‎;eleven
پنځلس;numerals‎;fifteen
پنځه;numerals‎;five
پنځوس;numerals‎;fifty
څلور;numerals‎;four
څلوېښت;numerals‎;forty
څوارلس;numerals‎;fourteen
تاسو;pronouns‎;Alternative spelling of تاسې‎
تاسې;pronouns‎;you (plural), you (singular, formal)
ته;pronouns‎;(të)#you (singular)
تۀ;pronouns‎;Alternative spelling of ته‎
د هغوی;pronouns‎;their (invisible plural third person)
د هغۀ;pronouns‎;his (invisible masculine singular third person)
د هغې;pronouns‎;her (invisible feminine singular third person)
دا;pronouns‎;(dâ)#she (visible feminine singular third person)#this, these (short form of دغه‎)
در;pronouns‎;(dar)#toward you (pronominal prefix of the second person)
دغه;pronouns‎;this, these
دوی;pronouns‎;they (visible plural third person)law
دی;pronouns‎;(day)#he (visible masculine singular third person)
دې;pronouns‎;your (affixed form, possessive of ته)
را;pronouns‎;(râ)#toward me or us (pronominal prefix of the first person)
زما;pronouns‎;my
زمونږ;pronouns‎;Alternative spelling of زموږ‎
زموږ;pronouns‎;our (plural first person)
زه;pronouns‎;(zə)#I
زهٔ;pronouns‎;Alternative spelling of زه‎
ستا;pronouns‎;your (possessive of ته)
ستاسو;pronouns‎;Alternative spelling of ستاسې‎
ستاسې;pronouns‎;your (plural), your (singular, formal)
مو;pronouns‎;(mō)#our (affixed form)#your (affixed form, possessive of تاسو)
مونږ;pronouns‎;Alternative spelling of موږ‎
موږ;pronouns‎;we (plural first person)
مې;pronouns‎;my (affixed form)
هغه;pronouns‎;he, she (invisible singular third person)that, those
هغوی;pronouns‎;they (invisible plural third person)
ور;pronouns‎;(war) m#door
يې;pronouns‎;his (affixed form), her (affixed form), its (affixed form), their (affixed form)
ځان;pronouns‎;self, lifeoneself
ځينې;pronouns‎;some
څوک;pronouns‎;who
ابادول;verbs‎;to populate, to build
اخيستل;verbs‎;(transitive) to take
اخښل;verbs‎;to knead
استول;verbs‎;(astawël)#(transitive) to sendConjugationEdit#conjugation of استول ##singular##plural##1st person#2nd person#3rd person m#3rd person f#1st person#2nd person#3rd person m#3rd person f#زۀ#تۀ#دی / هغه#دا / هغه#موږ#تاسې#دوی /  هغوی#present imperfective#استوم (astawëm)#استوې (astawe)#استوي (astawi)#استوو (astawu)#استوﺉ (astawëy)#استوي (astawi)#present perfective#واستوم (wastawëm)#واستوې (wastawe)#واستوي (wastawi)#واستوو (wastawu)#واستوﺉ (wastawëy)#واستوي (wastawi)#past imperfective#استولم (astawëlëm)#استولې (astawële)#استوۀ (astawë)#استوله (astawëla)#استولو (astawëlu)#استولﺉ (astawëlëy)#استول / استولۀ (astawël / astawëlë)#استولې (astawële)#past perfective#واستولم (wastawëlëm)#واستولې (wastawële)#واستوۀ (wastawë)#واستوله (wastawëla)#واستولو (wastawëlu)#واستولﺉ (wastawëlëy)#واستولۀ / واستول (wastawël / wëastawëlë)#واستولې (wastawële)##command form conjugation of استول##تۀ##تاسو#Postive#واستوه (wâstëwa)#واستوئ (wâstëwai)#Negative#ماستوه (mâstëwa)#ماستوئ (mâstëwai)##perfect tenses conjugation of استول##singular##plural##1st person m#1st person f#2nd person m#2nd person f#3rd person m#3rd person f#1st person#2nd person#3rd person#3rd person f#زۀ#تۀ#دی / هغه#دا / هغه#موږ#تاسې#دوی /  هغوی#present perfect#استولی يم (astëwëlay yëm)#استولې يم (astëwële yëm/yëma)#استولی يې (astëwëlay ye)#استولې يې (astëwële ye)#استولی دی (astëwëlay day)#استولې ده (astëwële da)#استولي يو (astëwëli yu)#استولي يئ/ياست (astëwëli yai/yâst)#استولي دي (astëwëli di)#past perfect#استولی وم (astëwëlay wëm)#استولې وم/ومه (astëwële wëm/wëma)#استولی وې (astëwëlay we)#استولې وې (astëwële we)#استولی و (astëwëlay wë)#استولې وه (astëwële wa)#استولي وو (astëwëli wu)#استولي وئ (astëwëli wai)#استولي وو\ول (astëwëli wu/wël)#استولې وې (astëwële we)#future perfect#به استولی يم (bë astëwëlay yëm)#به استولې يم (bë astëwële yëm/yëma)#به استولی يې (bë astëwëlay ye)#به استولې يې bë (astëwële ye)#به استولی دی (bë astëwëlay day)#به استولې ده (bë astëwële da)#به استولي يو (bë astëwëli yu)#به استولي يئ/ياست (bë astëwëli yai/yâst)#به استولي دي (bë astëwëli di)#
اغوستل;verbs‎;to wear, dress, put on, (transitive)
اغږل;verbs‎;(transitive) to knead
الوتل;verbs‎;(intransitive) to fly
اوباسم;verbs‎;first-person singular simple present of ايستل‎‎
اوبدل;verbs‎;(transitive) to weave
اورم;verbs‎;first-person singular simple present of اورول‎
اورول;verbs‎;to hear
اورېدل;verbs‎;(intransitive) of اورول‎.
اوسم;verbs‎;first-person singular simple present of اوسېدل‎
اوسېدل;verbs‎;to live, to reside, to remain
اويم;verbs‎;first-person singular simple present of اوبدل‎
اوړم;verbs‎;first-person singular simple present of اړول‎
اوړېدل;verbs‎;(intransitive) of اړول‎.
ايستل;verbs‎;to take off, to take out
اچول;verbs‎;to put, to pour
اړول;verbs‎;to change, to convert to a particular faith, to turn around an axis; to roll around, to cross from one side to the other
بادول;verbs‎;to blow
بارول;verbs‎;to load
بايلل;verbs‎;(transitive) to lose
بحث کول;verbs‎;to discuss, to debate
بخښل;verbs‎;(transitive) to forgive
بدلول;verbs‎;to change
بدلېدل;verbs‎;(intransitive) of بدلول‎.
بلل;verbs‎;(baël) (representative بولم‎)#(transitive) to call#(transitive) to inviteConjugationEdit#conjugation of بلل (with ل)##singular##plural##1st person#2nd person#3rd person m#3rd person f#1st person#2nd person#3rd person m#3rd person f#زۀ#تۀ#دی / هغه#دا / هغه#موږ#تاسې#دوی /  هغوی#present imperfective#بولم (bolëm)#بولې (bole)#بولي (boli)#بولو (bolu)#بولﺉ (bolëy)#بولي (boli)#present perfective#وبولم (wë bolëm)#وبولې (wë bole)#وبولي (wë boli)#وبولو (wë bolu)#وبولﺉ (wë bolëy)#وبولي (wë boli)#past imperfective#بللم (balëlëm)#بللې (balële)#بلۀ (balë)#بلله (balëla)#بللو (balëlu)#بللﺉ (balëlëy)#بلل / بللۀ (balël / balëlë)#بللې (balële)#past perfective#وبللم (wë balëlëm)#وبللې (wë balële)#وبلۀ (wë balë)#وبلله (wë balëla)#وبللو (wë balëlu)#وبللﺉ (wë balëlëy)#وبللۀ / وبلل (wë balël / wëbalëlë)#وبللې (wë balële)##conjugation of بلل (without ل)##singular##plural##1st person#2nd person#3rd person m#3rd person f#1st person#2nd person#3rd person m#3rd person f#زۀ#تۀ#دی / هغه#دا / هغه#موږ#تاسې#دوی /  هغوی#present imperfective#بولم (bolëm)#بولې (bole)#بولي (boli)#بولو (bolu)#بولﺉ (bolëy)#بولي (boli)#present perfective#وبولم (wë bolëm)#وبولې (wë bole)#وبولي (wë boli)#وبولو (wë bolu)#وبولﺉ (wë bolëy)#وبولي (wë boli)#past imperfective#بلم (balëm)#بلې (bale)#بلۀ (balë)#بله (bala)#بلو (balu)#بلﺉ (balëy)#بلل / بللۀ (balël / balëlë)#بلې (bale)#past perfective#وبلم (wë balëm)#وبلې (wë bale)#وبلۀ (wë balë)#وبله (wë bala)#وبلو (wë balu)#وبلﺉ (wë balëy)#وبللۀ / وبلل (wë balël / wëbalëlë)#وبلې (wë bale)##command form conjugation of بلل##تۀ##تاسو#Postive#وبوله (wë bola)#وبولئ (wë bolai)#Negative#مه بله (më bala)#مه بلئ (më balai)##perfect tenses conjugation of بلل##singular##plural##1st person m#1st person f#2nd person m#2nd person f#3rd person m#3rd person f#1st person#2nd person#3rd person#3rd person f#زۀ#تۀ#دی / هغه#دا / هغه#موږ#تاسې#دوی /  هغوی#present perfect#بللی يم (balëlay yëm)#بللې يم (balële yëm/yëma)#بللی يې (balëlay ye)#بللې يې (balële ye)#بللی دی (balëlay day)#بللې ده (balële da)#بللي يو (balëli yu)#بللي يئ/ياست (balëli yai/yâst)#بللي دي (balëli di)#past perfect#بللی وم (balëlay wëm)#بللې وم/ومه (balële wëm/wëma)#بللی وې (balëlay we)#بللې وې (balële we)#بللی و (balëlay wë)#بللې وه (balële wa)#بللي وو (balëli wu)#بللي وئ (balëli wai)#بللي وو\ول (balëli wu/wël)#بللې وې (balële we)#future perfect#به بللی يم (bë balëlay yëm)#به بللې يم (bë balële yëm/yëma)#به بللی يې (bë balëlay ye)#به بللې يې bë (balële ye)#به بللی دی (bë balëlay day)#به بللې ده (bë balële da)#به بللي يو (bë balëli yu)#به بللي يئ/ياست (bë balëli yai/yâst)#به بللي دي (bë balëli di)###
بندول;verbs‎;(transitive) close
بنګېدل;verbs‎;to buzz
بهېدل;verbs‎;(intransitive) to flow
بهېږم;verbs‎;first-person singular simple present of بهېدل‎
بوزېدل;verbs‎;to buzz
بولم;verbs‎;first-person singular simple present of بلل‎
بوڼېدل;verbs‎;to buzz
بيايم;verbs‎;first-person singular simple present of بيول‎
بيول;verbs‎;to take, lead away somebody
تاوول;verbs‎;to rotate around a point or axis, to turn to a different direction, to revolve, orbit a central point
تلل;verbs‎;(intransitive) to go
تويول;verbs‎;to pour
تړل;verbs‎;(transitive) to tie
تېروتل;verbs‎;to be mistaken, to err, to error, to overlook
جنګول;verbs‎;to make war, fight
جوړول;verbs‎;to make, to construct
جګړول;verbs‎;to make war, fight
ختل;verbs‎;(intransitive) to climb
خوړل;verbs‎;to eat
داړل;verbs‎;to bite, snap at
دروستل;verbs‎;to bring to you (to transport toward the second person)
درول;verbs‎;(transitive) to stop
درکول;verbs‎;to give to you (to transfer one's possession toward the second person)
درېدل;verbs‎;(intransitive) to stand, to stop
درېږم;verbs‎;first-person singular simple present of درېدل‎
راتلل;verbs‎;to come
راوستل;verbs‎;(transitive) to bring to me or us (to transport toward the first person)
راولم;verbs‎;first-person singular simple present of راوستل‎
راکول;verbs‎;(transitive) to give to me or us (to transfer one's possession toward the first person)
زباتل;verbs‎;(transitive) to remind someone of the favour you have done for them
زده کول;verbs‎;(transitive) to learn
زغمل;verbs‎;(transitive) to endure, to tolerate, to go through
زېږېدل;verbs‎;(intransitive) to be born
سترګې په لار کول;verbs‎;(transitive) to wait
غواړم;verbs‎;first-person singular simple present of غوښتل‎
غورځول;verbs‎;(transitive) to drop, (transitive) to throw
غوول;verbs‎;(transitive) to fuck, to screw, to copulate
غوږ نيول;verbs‎;to listen
غوښتل;verbs‎;to want, to request
غيم;verbs‎;(ǧëyëm)#first-person singular simple present of غوول‎
غپل;verbs‎;to bark
غپول;verbs‎;(transitive) to cause to bark
غپېدل;verbs‎;Alternative form of غپل‎
غړومبل;verbs‎;(intransitive) to roar (tiger or lion)
غږېدل;verbs‎;to speak
غښتل;verbs‎;to want
لامبل;verbs‎;(intransitive) to swim; to bathe
لرل;verbs‎;to have
لمانځل;verbs‎;(transitive) to celebrate
لمسول;verbs‎;(transitive) to instigate
لوبه کول;verbs‎;to play a particular game
لوبول;verbs‎;to play with something
لوبې کول;verbs‎;to play, act in a game for recreation
لوبېدل;verbs‎;(intransitive) of لوبول‎.
لوستل;verbs‎;(transitive) to read
ليدل;verbs‎;(transitive) to see
لېشه کول;verbs‎;(transitive) to seduce
لېږل;verbs‎;to send
منل;verbs‎;(transitive) to accept
موندل;verbs‎;to find
موټک وهل;verbs‎;(transitive) to masturbate
مينه کول;verbs‎;to love, تا سره مينه كوم‎, Tâ sara mina kawëm., I love you.
مېشتول;verbs‎;to settle, to cause to take up residence
ننوتل;verbs‎;to enter
وئ;verbs‎;second-person plural simple past of يم‎ouch
ودانول;verbs‎;(transitive) to populate, build
وروستل;verbs‎;to bring to them, him or her (to transport toward the third person)
ورولم;verbs‎;first-person singular simple present of وروستل‎
ورکول;verbs‎;to give to them, him or her (to transfer one's possession toward the third person)
وم;verbs‎;first-person singular simple past of يم‎
ويشتل;verbs‎;(transitive) to shoot
وينم;verbs‎;I see.
وېرول;verbs‎;(transitive) to frighten, to scare, to terrify
وېرېدل;verbs‎;to be afraid, to be scared
يم;verbs‎;(yëm) (simple past وم‎)#(I) am.
پايول;verbs‎;(transitive) to continue
پای ته رسېدل;verbs‎;(intransitive) to end, to finish
پخول;verbs‎;(transitive) to cook
پخېدل;verbs‎;(intransitive) to be cooked, (intransitive) to become matured
پرېښودل;verbs‎;to leave, abandon, desert, give up, to let pass, let go, release, to allow, permit
پلورل;verbs‎;(transitive) to sell
پورې کول;verbs‎;to cross from one side of something to the other
پوهېدل;verbs‎;(intransitive) to understand
پېرل;verbs‎;to buy
پېژندل;verbs‎;to know; to be aware, to know, to be acquainted with; to recognize, to identify
ځغستل;verbs‎;(intransitive) of ځغلول‎.
ځغلم;verbs‎;first-person singular simple present of ځغلول‎
ځغلول;verbs‎;to run
ځم;verbs‎;first-person singular simple present of تلل‎
څرخول;verbs‎;to revolve
څرګندول;verbs‎;(transitive) to show; to make visible; to reveal
څکل;verbs‎;to drink
څېړل;verbs‎;to study, to research
چيچل;verbs‎;to bite, sting
ږغېدل;verbs‎;Alternative form of غږېدل‎
ژباړل;verbs‎;(transitive) to translate
ژوند کول;verbs‎;to live
ښکنځل;verbs‎;(transitive) to abuse
کتل;verbs‎;(katël)#(intransitive) to look (at), to view, to seeConjugationEdit#conjugation of کتل (with ل)##singular##plural##1st person#2nd person#3rd person m#3rd person f#1st person#2nd person#3rd person m#3rd person f#زۀ#تۀ#دی / هغه#دا / هغه#موږ#تاسې#دوی /  هغوی#present imperfective#ګورم (gorëm)#ګورې (gore)#ګوري (gori)#ګورو (goru)#ګورﺉ (gorëy)#ګوري (gori)#present perfective#وګورم (wë gorëm)#وګورې (wë gore)#وګوري (wë gori)#وګورو (wë goru)#وګورﺉ (wë gorëy)#وګوري (wë gori)#past imperfective#کتلم (katëlëm)#کتلې (katële)#خوت (khot)#کتله (katëla)#کتلو (katëlu)#کتلﺉ (katëlëy)#کتل / کتلۀ (katël / katëlë)#کتلې (katële)#past perfective#وکتلم (wë katëlëm)#وکتلې (wë katële)#وخوت (wë khot)#وکتله (wë katëla)#وکتلو (wë katëlu)#وکتلﺉ (wë katëlëy)#وکتلۀ / وکتل (wë katël / wëkatëlë)#وکتلې (wë katële)##conjugation of کتل (without ل)##singular##plural##1st person#2nd person#3rd person m#3rd person f#1st person#2nd person#3rd person m#3rd person f#زۀ#تۀ#دی / هغه#دا / هغه#موږ#تاسې#دوی /  هغوی#present imperfective#ګورم (gorëm)#ګورې (gore)#ګوري (gori)#ګورو (goru)#ګورﺉ (gorëy)#ګوري (gori)#present perfective#وګورم (wë gorëm)#وګورې (wë gore)#وګوري (wë gori)#وګورو (wë goru)#وګورﺉ (wë gorëy)#وګوري (wë gori)#past imperfective#کتم (katëm)#کتې (kate)#خوت (khot)#کته (kata)#کتو (katu)#کتﺉ (katëy)#خاتۀ (xâtë)#کتې (kate)#past perfective#وکتم (wë katëm)#وکتې (wë kate)#وخوت (wë khot)#وکته (wë kata)#وکتو (wë katu)#وکتﺉ (wë katëy)#وخاتۀ (wë xâtë)#وکتې (wë kate)#Related
کسم;verbs‎;I watch, look.
کول;verbs‎;(kawël) (present imperfect stem کو (kaw), present perfect stem کړ (k(ṙ)), past perfect stem کړ (kṙ))#to do, makeUsage notesEdit#The ړ is not always pronounced in present perfective forms in colloquial speech, but in some dialects and formal speaking it is always pronounced.#ConjugationEdit#conjugation of کول ##singular##plural##1st person#2nd person#3rd person m#3rd person f#1st person#2nd person#3rd person m#3rd person f#زۀ#تۀ#دی / هغه#دا / هغه#موږ#تاسې#دوی /  هغوی#present imperfective#كوم (kawëm)#كوې (kawe)#كوي (kawi)#كوو (kawu)#كوﺉ (kawëy)#كوي (kawi)#present perfective#كړم (këm)#كړې (ke)#كړي (ki)#كړو (ku)#كړﺉ (këy)#كړي (ki)#past imperfective#كولم (kawëlëm)#كولې (kawële)#كاوۀ (kâwë)#كوله (kawëla)#كولو (kawëlu)#كولﺉ (kawëlëy)#كول / كولۀ (kawëlë / kawël)#كولې (kawële)#past perfective#كړم / كړلم (kṙëlëm / kṙëm)#كړې / كړلې (kṙële / kṙe)#كړ (kë / kṙ)#كړه / كړله (kṙëla / kṙa)#كړو / كړلو (kṙëlu / kṙu)#كړﺉ / كړلﺉ (kṙëlëy / kṙëy)#كړلۀ / كړل (kṙël / kṙëlë)#كړلې (kṙële)##command form conjugation of کول##تۀ##تاسو#Postive#وکړه (wë ka)#وکړئ (wë kai)#Negative#مه کوه (më këwa)#مه کوئ (më këwai)#Related
کېدل;verbs‎;(intransitive) of کول‎; to become.
کېښکودل;verbs‎;to squeeze
ګرځول;verbs‎;(transitive) to take for a walk, (transitive) to rotate, (transitive) to make, cause to become
ګرځېدل;verbs‎;(intransitive) of ګرځول‎, to walk
ګنډل;verbs‎;(transitive) to sew
ګورل;verbs‎;to look up
ګورم;verbs‎;I look.
ګټل;verbs‎;to win, to gain, to earn
ګډېدل;verbs‎;to dance
ګڼل;verbs‎;(transitive) to consider
آلمان;proper noun;(ālmãn) m#Germany
آيرلنډ;proper noun;Ireland
اسټراليا;proper noun;Australia (a continent and country in Oceania)
اسپانيا;proper noun;Spain (a country in Europe)
افغانستان;proper noun;(afǧānestãn) m#Afghanistan (a country in Asia)
البانيا;proper noun;Albania (a country in Europe)
الله;proper noun;(əllɑ)#AllahSee also#خدای‎
المانيا;proper noun;Germany
امريکا;proper noun;America
انګلستان;proper noun;England
ايران;proper noun;(irãn) m#Iran
ايسلنډ;proper noun;Iceland (a country in Europe)
اېسټونيا;proper noun;Estonia
اېکوادور;proper noun;Ecuador (a country in South America)
بنګله دېش;proper noun;Bangladesh (a country in Asia)
بوټان;proper noun;Bhutan (a country in Asia)
جې;proper noun;Name of the sixth letter of Pashto alphabet ج‎
جېبوتي;proper noun;Country in Eastern Africa, official name: Republic of Djibouti
حامد;proper noun;(Hāmid)#A male given name from Arabic, Hamid, Hāmid
روسيه;proper noun;Russia
زاګرېب;proper noun;Zagreb
زلیخا;proper noun;(religion) Hazrat Zuleikha, A female given name
سوماليا;proper noun;Somalia
سومر;proper noun;Sumer
سپره;proper noun;Safar
شومېر;proper noun;Sumer
فرانس;proper noun;(frāns, farāns) f#France
فرانسه;proper noun;(farānsá, frānsá) f#France
قطر;proper noun;(qatër) m#Qatar
محمد;proper noun;(Mohammad)#the Islamic prophet Muhammad#A male given name from Arabic: Muhammad, Mohammed
مصر;proper noun;(misr) m#Egypt (a country in North Africa and Western Asia)
مېشيکو;proper noun;Mexico (a country in North America)
نيلي;proper noun;(nili)#Nili (a city in Afghanistan)
هماليۀ;proper noun;Himalayas
هېلۍ;proper noun;duck, pochard, teal, waterfowlA female given name
واورتون;proper noun;place/home of snowHimalayas
وزير;proper noun;(Wëzír) m#Wazir, Pashtun tribe name
وزیرستان;proper noun;(Waziristan)#Waziristan
پارسه;proper noun;(Pârsa) f#Persia#Persis
پاکستان;proper noun;(pâkistân) m#Pakistan
پې;proper noun;Name of the third letter of Pashto alphabet پ‎
ځې;proper noun;Name of the eighth letter of Pashto alphabet ځ‎
کابل;proper noun;(Kâbël)#Kabul (the capital city of Afghanistan)
کوبا;proper noun;(kubâ) f#Cuba (an island and country in the Caribbean)
کونړ;proper noun;Kunar (province)
په;prepositions‎;in, at
د مخه تر;prepositions‎;before
بې له;prepositions‎;without
د;prepositions‎;(dë)#of
بې له;prepositions‎;without
د مخه تر;prepositions‎;before
په;prepositions‎;in, at
د;prepositions‎;(dë)#of
بې له;prepositions‎;without
د;prepositions‎;(dë)#of
د مخه تر;prepositions‎;before
په;prepositions‎;in, at
ته;postpositions‎;(të)#you (singular)
دپاره;postpositions‎;for
سره;postpositions‎;(sara)#with
لپاره;postpositions‎;for
پسې;postpositions‎;after, behind
کښې;postpositions‎;in
کې;postpositions‎;in
راسې;particles‎;since
راهیسې;particles‎;since
به;particles‎;(ba)#will (indicating future action)
د ... وروسته;particles‎;after
راهیسې;particles‎;since
راسې;particles‎;since
به;particles‎;(ba)#will (indicating future action)
د ... وروسته;particles‎;after
به;particles‎;(ba)#will (indicating future action)
د ... وروسته;particles‎;after
راسې;particles‎;since
راهیسې;particles‎;since
