آئورت;анат. аорта
آب;вода
آباژور;абажур
آبتین;Абтин
آبجو;пиво
آبخاز;Абхазия
آبدست;омовение перед молитвой
آبرو;лицо
آبزیدان;аквариум
آبستنی;физиол. беременность
آبگونه;жидкость
آبونه;абонент
آبی;синий
آپاندیس;анат. аппендикс (червеобразный отросток слепой кишки)
آتش;огонь, пламя
آتش‌فشان;вулкан
آتیه;будущее
آثروان;жрец
آجيدن;прокалывать
آجیل;орех
آدرس;адрес
آدم;человек
آدم برفی;снеговик, снежная баба
آدمخوار;людоед
آدم‌خواری;каннибализм
آدم‌کشی;убийство
آدیغیه;Адыгея
آدینه;пятница
آذر;азар (месяц)
آذرباد;Азурбад
آذربایجان;Азербайджан
آذربایجانی;азербайджанский
آذرفرنبغ;Адурфарнбаг
آرارات;Арарат (гора)
آراستن;украшать
آرخانگلسک;Архангельск
آرد;мука́
آرژانتین;Аргентина
آرشیو;архив
آرمان;идеал
آرمین;Армин
آرنج;анат. локоть
آروناچال پرادش;Аруначал-Прадеш
آریایی;арийский
آزاد;свободный
آزادی;независимость
آزادی بیان;юр. свобода слова
آزرمی‌دخت;Азармедохт
آزمایشگاه;лаборатория
آزمون;экзамен
آژانس;агентство
آسانسور;лифт
آستان;порог, вход, преддверие
آستراخان;Астрахань
آستین;рукав (деталь одежды)
آسم;мед. астма
آسمان;небо
آسیاب;мельница
آسیابان;мельник
آسیب;вред, ущерб
آسیب‌پذیری;уязвимость
آشپزخانه;кухня
آشتی;примирение
آشنا;друг
آشور;Ассирия
آغاز;начало
آغازیدن;начинать
آفتاب;солнце
آفتاب‌گردان;ботан. подсолнечник; подсолнух
آفتابی;солнечный
آفریقای جنوبی;Южно-Африканская Республика
آکواریوم;аквариум
آلبانی;Албания
آلرژی;мед. аллергия
آلمان;Германия
آلمان شرقی;Восточная Германия
آلو;картофель
آلومینیم;хим.алюминий
آمباسادور;дипл. посол
آمدن;приходить, прибывать
آمریکای لاتین;Латинская Америка
آمریکایی;американский
آموختن;учить, изучать
آموزگار;учитель
آمیختن;смешивать
آناتولی;Анатолий
آناتومی;анатомия
آناناس;ботан. ананас
آناهیتا;Анахита
آنتروپی;физ. энтропия
آنتلوپ;зоол. антилопа
آنتیگوا و باربودا;Антигуа и Барбуда
آندورا;Андорра
آنها;они
آهن;железо (химический элемент и металл)
آهنربا;физ. магнит
آهنگ;мелодия
آهنگر;кузнец
آهنگر‌خانه;кузница
آهنگساز;композитор
آهو;антилопа
آواشناسی;лингв. фонетика
آوردن;приносить
آوریل;апрель
آویختن;вешать
آویشن;ботан. тимьян
آیت‌الله;аятолла
آی‌فون;айфон
آینده;будущее
آیینه;зеркало
إسرائيل;Израиль
ا;звательный суффикс
ائوترپه;мифол. Эвтерпа (муза лирической поэзии и музыки)
ابابیل;орнитол. ласточка (Hirundo)
ابتدا;начало
ابتدائی;начальный
ابد;вечность
ابدی;вечный
ابر;облако
ابریشم;шёлк
ابزار;пряность, специя, приправа
ابله;глупец, дурак
ابن خردادبه;Ибн Хордадбех
ابن مقفع;Ибн Мукаффа
ابوا;муз. гобой
ابوالقاسم;Абулькасим
ابوالقاسمی;Абулькасими
ابوتراب;Абутораб
ابوترابی‌فرد;Абуторабифард
ابولهب;Абулахаб
اپرت;оперетта
اپوش‌;Апош (демон засухи)
اپوش‌دیو;Апош (демон засухи)
اتاق;комната
اتان;хим. этан
اتانازی;эвтаназия
اتحاد;союз
اتحاد جماهیر شوروی سوسیالیستی;истор. Союз Советских Социалистических Республик
اتریش;Австрия
اتریش-مجارستان;истор. Австро-Венгрия
اتل;чемпион
اتمسفر;атмосфера
اتو;утюг
اتوماسیون;автоматизация
اتوموبیل;автомобиль
اتیوپی;Эфиопия
اثرزخم;шрам, рубец
اجزاء کلام;лингв. часть речи.
احتیاط;осторожность
احساس;чувство
احمد;Ахмад
احمدی;Ахмади
احمق;глупец, дурак
اختر;астрон. звезда
اختراع;изобретение
اختربین;телескоп
اختربینی;астрология
اخترشناسی;астрономия
اختلال استرس پس از سانحه;психол. посттравматическое стрессовое расстройство
اخگر;искра
اخلاص;искренность
اخلاق;характер
ادبی;литературный
ادبیات;литература
ادبیات انگلیسی;английская литература
ادبیات روسی;русская литература
ادبیات فارسی;персидская литература
ادویه;пряность, специя, приправа
ادینبرا;Эдинбург
اذن;разрешение
ار;поэт. если
اراتو;мифол. Эрато (муза любовной поэзии)
اراك;геогр. Эрак
ارتجاعی;эластичный
اردبيل;геогр. Ардебиль
اردبیل;Ардебиль
اردشیر;Ардашир
اردک;орнитол. утка
اردوگاه;лагерь
اردیبهشت;ордибехешт (второй месяц иранского календаря)
ارزير;хим. олово
ارژنگ;Аржанг
ارس;слеза
ارعابگری;терроризм
ارکستر;муз. оркестр
ارکیده;ботан. орхидея
ارمنستان;Армения
ارنبورگ;Оренбург
اره;пила
اروپا;геогр. Европа
اروگوئه;геогр. Уругвай
اروميه;геогр. Урмия
ازت;хим. азот
ازن;хим. озон
اژدها;мифол. дракон
اسب;конь
اسباب;мебель
اسپ;лошадь, конь
اسپارتاکوس;Спартак
اسپاگتی;кулин. спагетти
اسپانیا;Испания
اسپرز;анат. селезёнка
اسپریس;ипподром
اسپین;физ. спин
است;есть, иметься, существовать
استاتین;хим. астат
استانبول;Стамбул
استاوروپول;Ставрополь
استخوان;анат. кость
استخوانی;костяной
استراتوپاز;стратопауза
استرالزی;Австралазия
استره;бритва
استروژن;биохим. эстроген
استرونسیم;хим. стронций
استریکنین;хим. стрихнин
استعاره;метафора
استعمارگری;колониализм
استقلال;независимость
استک;Эстек
استکام;стакан
استکهلم;Стокгольм
استکی;Эстеки
استوانه;геометр. цилиндр
استوخودوس;ботан. лаванда (лат. Lavandula)
استوکیومتری;хим. стехиометрия
استویداد;Аствихад
اسرائیل;Израиль
اسطرلاب;астрон. астролябия
اسطرلابی;Астурляби
اسفندیار;Исфандияр
اسقف;религ. епископ
اسکاتلند;Шотландия
اسکلت;скелет
اسکناس;банкнота
اسکندر;Александр
اسکندریه;Александрия
اسکیت‌بورد;скейтборд
اسکیت‌سوار;спорт. конькобежец
اسکیلستونا;Эскильстуна
اسلامشهر;геогр. Исламшехр
اسلام‌هراسی;исламофобия
اسلامی;религ. исламский
اسلاو;славянский
اسم;грам. имя существительное, существительное
اسماعیل;Исмаил
اسماعیلی;Исмаили
اسمز;физ. осмос
اسمیم;хим. осмий
اسوار;военн. драгун
اشراق;сияние
اشک;слеза
اشکانی;аршакид
اشکوری;Эшкевари
اشم وهو;Ашамвоху
اشنوسه;чихание
اصفهان;Исфахан
اصفهانی;Исфахани
اضافه;изафет
اطلاعات;информация
اطلس;атлас
اعتبار;вера, уверенность
اعتدال;равноденствие
اعتدال پاییزی;осеннее равноденствие
اعتقاد;вера
اعراف;чистилище
افتادن;падать
افتخار;гордость
افراختن;возвышать
افراسیاب;Афрасиаб
افراط;экстравагантность
افسانه;сказка
افسون;колдовство
افغانستان;геогр. Афганистан
افق;горизонт
افقی;горизонтальный
افلاطونی;платонический
افیون;опиум
اقبالی;Экбали
اقتصاد;экономика
اقلیم;климат
اقیانوس آرام;Тихий океан
اقیانوس اطلس;Атлантический океан
اقیانوس منجمد شمالی;Северный Ледовитый океан
اقیانوس هند;Индийский океан
اکتینیم;хим. актиний
اکثریت;большинство
اکسی‌توسین;биохим. окситоцин
اکسیر;эликсир
اکه‌تش‌دیو;Акаташ
اکوسیستم;спец. экосистема
اکومن;Акоман
اگر;если
اگزیستانسیالیسم;филос. экзистенциализм
الاستیک;эластичный
الاغ;зоол. осёл, ишак (Equus asinus asinus)
الجزایر;Алжир
الفبا;алфавит
الفت;дружба
الکتریسیته;физ. электричество
الکتریک;электрический
اله;божество
الهام;воодушевление
الهه;богиня
الهیات;религ. богословие, теология
ام;порядковое числительное (нейтральный стиль)
امام;религ. имам
امپراتور;истор. император
امپراتوری عثمانی;Османская империя, Оттоманская империя
امپراتوری مقدس روم;Священная Римская империя
امپراطوری;истор. империя
امپریالیسم;империализм
امتحان;экзамен
امر;приказ, дело
امرود;ботан. груша
امروز;сегодня
امسک;Омск
امشاسپندان;Амеша Спента
املاء;орфография, правописание
امنیت;безопасность
امير;эмир
امید;надежда
ان;суффикс множественного числа
انار;ботан. гранат
انبه;ботан. манго
انتر;зоол. павиан (Papio)
انتظار;ожидание (действие)
انتقام;месть
انتها;конец
انتیموان;хим. сурьма
انجیر;фига
انجیل;евангелие
انداختن;бросать, кидать
اندروا;атмосфера
انديمشك;геогр. Андимешк
اندیشه;мысль
اندیشیدن;думать
انرژی;физ. энергия
انزلي;геогр. Энзели
انسان;человек
انستیتو;институт
انسولین;биохим. инсулин
انشراح;расширение
انشقاق;раскол
انشلدسویک;Эрншёльдсвик
انفاق;расходование, трата
انفورماتیک;информатика
انقسام;раскол
انقلابی;революционер
انقلابین;астрон. солнцестояние
انگشت;анат. палец
انگشتانه;напёрсток
انگل;биол. паразит
انگلیسی;колокол
انگم;биохим. камедь
انگور;виноград
انگیختن;подстрекать
انگیزاندن;подстрекать
انگیزه;стимул
انوشیروان;Ануширван
اهریمن;Ахриман
اهلیت;население
اهمیت;важность
اهواز;геогр. Ахваз
اهورامزدا;Ахура Мазда
او;и
اوپسالا;Упсала
اوت;август
اوتار پرادش;Уттар-Прадеш
اودوالا;Уддевалла
اورانیا;мифол. Урания (муза астрономии)
اورانیم;уран, хим. химический элемент с атомным номером 92, обозначается химическим символом U, радиоактивный металл из группы трансурановых актиноидов
اوربرو;Эребру
اورپا;геогр. Европа
اورشلیم;Иерусалим
اورنگ‌;трон
اورنگ;трон
اورنگ‌زیب;Аурангзеб
اوستا;Авеста
اوستشوند;Эстерсунд
اوکراین;Украина
اول;во-первых
اولیانوفسک;Ульяновск
اومئو;Умео
ايرانشهر;геогр. Ираншехр
ايزه;геогр. Изе
ايلام;геогр. Илам
ایتالیایی;итальянский
ایدئولوژی;идеология
ایران‌ویج;Эранвеж
ایرج;Эрадж
ایرکوتسک;Иркутск
ایرلند;Ирландия
ایرلند شمالی;Северная Ирландия
ایروان;Ереван
ایز;след
ایزد;бог
ایستادن;стоять
ایستگاه فضایی;орбитальная станция
ایلچی;дипл. устар. посол
ایلول;сентябрь
ایلیریا;Иллирия
ایمان;вера
ایمن;безопасный
ایمنی;безопасность
ایمنی‌شناسی;иммунология
ایمیل;комп. электронная почта
اینترنت;интернет
اینتگراز;биохим. интеграза
ایندیم;хим. индий
اینشتینیم;хим. химический элемент с атомным номером 99, обозначается химическим символом Es, радиоактивный металл из группы трансурановых актиноидов
ایوار;вечер
ب;префикс наречий
با;ветер
باب;дверь
بابا;папа, отец
باباجان;дедушка
باب‌المندب;Баб-эль-Мандебский пролив
بابانوروز;дед Науруз (иранский Дед Мороз)
بابر;лев
بابک;Бабак
بابل;Вавилон
بابون;зоол. павиан (Papio)
بابیه;бабизм
باتلاق;болото
باج;дань
باجگیر;сборщик дани
باجگیران;Баджгиран
باختر;Бактрия
باختن;проигрывать
باد;ветер
بادام;персик (плод)
بادبان;парус
بادبزن;веер
بادگیر;бадгир
بادنجان;ботан. баклажан
باده;вино
بار;есть, имеется, существует
باران;дождь
باربد;Барбад
باربر;носильщик
باربند;упаковщик
بارزان;Барзан
بارزانی;Барзани
بارسلون;Барселона
بارفیکس;спорт. турник; перекладина
بارگیر;паланкин
باره;двенадцать
باروت;порох
بارود;порох
باروک;истор. барокко
بارون;барон
باریتون;муз. баритон
باریدن;идти
باریم;хим. барий
باز;зоол. орёл (Aquila)
بازار;рынок
بازالت;минер. базальт
بازجو;следователь
بازخواست;допрос
بازداشت;арест
بازداشتگاه;гауптвахта
بازدید;встреча
بازرگان;купец
بازگشت;возвращение
بازنامیدن;переименовывать
بازو;анат. рука
بازوبند;браслет
بازی;игра
بازیچه;игрушка
بازی‌های المپیک;спорт. Олимпийские игры
باستان;древний
باستان‌شناس;археолог
باستان‌شناسی;археология
باستان‌نامه;летопись
باسقاق;баскак
باشقیرستان;Башкортостан
باشماقچی;обувной гардеробщик в мечети
باطن;сокровенный
باطنیه;батениты, батиниты
باغبان;садовник
بافت;плетение
بافتن;ткать
بافرهنگ;культурный
باقر;Багер
باقرزاده;Багерзадэ
باکتری;биол. бактерия
باکتریوری;мед. бактериурия
بال;анат. крыло
بالا;верх
بالابان;балабан
بالابانوفو;Балабаново
بالادست;высший
بالالایکا;муз. балалайка
بالش;подушка
بالغ;взрослый, зрелый
بالگرد;вертолёт
باله;балет
بالو;анат. железа
بالیدن;гордиться
بام;крыша
بامبول;обман
بامداد;утро
بان;египетская ива
بانک;банк
بانک اطلاعات;база данных
بانکدار;банкир
بانگ;вопль, звук
باه;половой инстинкт
باواریا;Бавария
باور;вера
بایکوت;бойкот
ببر;тигр
ببرک;онцилла
بت;идол
بتاترون;физ. бетатрон
بت‌پرست;идолопоклонник
بت‌پرستی;идолопоклонство
بت‌دیو;Бут, Будда
بت‌‌شکن;иконоборец
بتکده;пагода
بتن;бетон
بتن آرمه;железобетон
بتن مسلح;железобетон
بجا;уместный, своевременный
بجنورد;геогр. Боджнурд
بچگی;детство
بحث;спор, дискуссия
بحث کردن;спорить
بحر;море
بخار;пар
بخارا;Бухара
بخارخانه;котельная
بخت;доля, судьба, счастье
بخت‌آزمایی;лотерея
بخت‌النصر;Навуходоносор
بختیار;Бахтияр
بخش;часть, доля
بخشایش;прощение, амнистия
بخشش;подарок
بخشیدن;прощать
بخمل;бархат
بخور;ладан
بد;бубон
بداخلاقی;безнравственность
بداوی;Бадави
بدر;ватное дерево
بدشانسی;несчастье
بدعت;ересь
بدمینتون;бадминтон
بدن;тело
بدو;начало
بر;на (при обозначении объекта на которое направлено действие)
برائت;оправдание
برادر;брат
برادرزاده;племянник
برادری;братство
برادندر;сводный брат
برازیدن;украшать
براعت;превосходство
بربط;уд
برج;башня
برخاستن;вставать
برخورد;встреча (неожиданная)
برخوردار;Бархордар
برخوردن;встречаться, сталкиваться, обижать
برد;холод
بردار;матем. вектор
بردن;нести, носить
برده;раб, невольник
برزین;Барзин
برس;щётка
برف;کولاک، بوران
برق;физ. электричество
برقی;электрический
برکلیم;хим. берклий
برگ;ботан. лист
برم;хим. бром
برنامه;программа
برنامه‌نویسی;информ. программирование
برنج;латунь; бронза; жёлтая медь
برو;бровь
بروت;усы
بروجرد;геогр. Боруджерд
بریانسک;Брянск
بز;коза
بزرگ;большой
بزرگمهر;Бозоргмехр
بزه;юр. преступление
بزهکار;преступник
بساط;ковёр
بسپار;хим. полимер
بست;задвижка
بستنی;мороженое
بسط;расширение
بسیج;мобилизация
بشارت;радостная весть
بشر;человек, тело
بشریت;человечество
بشکل;зоол. бабочка, мотылёк
بشکه;бочка
بصل;лук
بط;утка
بطری;бутыль, бутылка
بطل;храбрец
بطلان;тщеславие
بطن;живот
بعد فراکتالی;матем. фрактальная размерность
بغ;бог
بغل;анат. подмышка
بقر;корова
بلاروس;Белоруссия
بلاش;Балаш
بلاغت;риторика
بلبل;зоол. соловей
بلد;город, страна
بلژیک;Бельгия
بلش;Балш
بلشویک;большевик
بلعیدن;глотать
بلغارستان;рекомендации
بلغاری;болгарин
بلمه;длинная борода
بلوچ;белудж
بلور;кристалл
بلوط;ботан. дуб
بن;корень
بنا;здание, строение
بنان;ботан. банан
بندهشن;Бундахишн
بنفشه;фиалка
بنگ;ботан. конопля (Cannabis)
بنگال غربی;Западная Бенгалия
بنگلادش;Бангладеш
بنیانگذار;основатель
به;ботан. айва (плод)
بهار;весна
بهبهان;геогр. Бехбехан
بهرام;Бахрам
بهشت;рай, небеса
بهگرائی;выздоровление; излечение; поправка
بهمن;Бахман
بهی;ботан. айва (плод)
بو;запах
بوته;растение
بودا;Будда
بوداپست;Будапешт
بودن;быть
بور;мел (минерал)
بوراندخت;Борандохт
بورگونی;Бургундия
بوروس;Бурос
بوروکراسی;бюрократия
بوزاگر;пивовар
بوزینه;обезьяна
بوس;лобзание
بوسنی و هرزگوین;Босния и Герцеговина
بوسه;поцелуй
بوسیدن;целовать
بوشاسپ‌دیو;Бушасп
بوف;орнитол. сова
بوكان;геогр. Букан
بومهن;землетрясение
بوییدن;нюхать
بيان;изложение, описание
بيت;дом
بيرجند;геогр. Бирдженд
بيست;двадцать
بين;между
بی;не-, без- (отрицательная приставка)
بیابان;пустыня
بیان;рассказ
بیجاده;минер. сердолик, карнеол
بی‌خانمان;бездомный
بی‌خدایی;филос. атеизм
بی‌خوابی;бессонница
بی‌رنگ;бесцветный
بیرون;внешность
بیرونی;внешний
بیسارابیا;Бессарабия
بیست و دو;двадцать два
بیست و یک;двадцать один
بی‌ستاره;беззвёздный
بیسموت;хим. висмут
بیسوادی;неграмотность
بیشه;лес
بیضی;эллипс
بیطار;ветеринар
بی‌کاری;безработица
بی‌کربنات;хим. бикарбонат; гидрокарбонат
بیکینی;бикини
بیگ;бек
بیل;лопата
بیلیارد;бильярд
بیمار;мед. пациент
بیماری;болезнь
بین المللی;международный
بین المللی بودن;космополитизм
بین‌المللی;международный; интернациональный
بین‌النهرین;Месопотамия
بینش;зрение
بینی;нос
بیوراسب;Беварасп
بیوشیمی;биохимия
بیوفیزیک;биофизика
بیوگانی;свадьба
بیولوژی;биология
بیولوژی دریا;биология океана
بیولوژی محاسباتی;вычислительная биология
بیولوژیکی;биологический
پا;анат. нога
پاپیتال;плющ
پادآرمان‌شهر;антиутопия; дистопия
پادتن;биол. антитело
پادشاه;падишах
پادشاهی;царство
پادفرهنگ;контркультура
پاراشوت;парашют
پارافین;парафин
پارسی;фарси, персидский язык
پارلمان;парламент
پارو;весло
پاریس;Париж
پاسپورت;паспорт
پاكدشت;геогр. Пакдешт
پاکستان;Пакистан
پاکیزه;чистый
پالادیم;хим. палладий
پالمیرا;Пальмира
پالی;лингв. пали
پالیندروم;палиндром
پانزده;пятнадцать
پانزده‌ضلعی;геометр. пятнадцатиугольник
پانصد;пятьсот
پاول;Павел
پاييز;осень
پایان;конец
پایتخت;столица
پایگاه;база
پایگاه داده‌ها;база данных
پایگاه فضایی;космодром
پتروشیمی;нефтехимия
پچ‌پچ;шёпот
پدر;отец, папа
پدربزرگ;дед, дедушка (отец отца или матери)
پر;анат. крыло
پرتابه‌شناسی;баллистика
پرتره;портрет
پرتغال;Португалия
پرتقال;апельсин
پرتو;сияние
پرچم;флаг
پرخاشگری;агрессивность
پرخطر;опасный
پرداختن;платить
پرده;завеса
پرده گوش;анат. барабанная перепонка
پرزیدنت;президент
پرستو;орнитол. ласточка (Hirundo)
پرستیدن;поклоняться
پرسش;вопрос
پرسیدن;спрашивать
پرگار;циркуль
پرنده;птица
پرنده‌شناس;орнитолог
پرنده‌شناسی;орнитология
پرو;геогр. Перу
پروانه;зоол. бабочка, мотылёк
پروپاگاند;пропаганда
پروپان;хим. пропан
پروتستانتیسم;протестантизм, протестантство
پروردگار;бог
پروستریکا;полит. перестройка
پرومتئوس;Прометей
پریدن;летать
پریز;розетка
پزشک;врач, лекарь; доктор; медик
پزشکی;медицина
پژواک;эхо
پسانوگرایی;постмодернизм
پست;низкий
پست الکترونیک;комп. электронная почта
پستان;грудь
پستاندار;зоол. млекопитающее
پسر;сын
پسکوف;Псков
پسوند;лингв. суффикс
پشت;анат. спина
پشم;шерсть
پشن فروت;маракуйя
پشنگ;Пашанг
پشه;зоол. комар
پشوتن;Пашутан
پطریارخ;религ. патриарх
پل;мост
پلاسما;физ. плазма
پلکان;лестница
پلنگ;тигр
پلو;кулин. плов
پلیس;полиция
پلیمر;хим. полимер
پماد;мазь
پنبه;ботан. хлопок
پنج;пять
پَنج;пять
پنجاب;Пенджаб
پنجاه;пятьдесят (۵۰)
پنجاه و پنج;пятьдесят пять (۵۵)
پنجاه و چهار;пятьдесят четыре (۵۴)
پنجاه و سه;пятьдесят три (۵۳)
پنجاه و یک;пятьдесят один (۵۱)
پنجاهم;пятидесятый
پنجره;окно
پنج‌شنبه;четверг
پنجم;пятый
پند;совет, наставление, увещевание
پنسیلوانیا;Пенсильвания
پنگوئن;пингвин
پنیر;сыр
پنیسیلین;пенициллин
پهلوان;богатырь
پهلوی;пехлеви
پوتاسیوم;хим. калий
پوچ;пустой, порожний
پودینگ;пудинг
پور;сын
پورنوگرافی;порнография
پوروشسب;Порушасп
پوزخند;улыбка
پوست;анат. кожа
پوشاک;одежда
پوشال;солома
پوشیدن;надевать
پول;деньги
پولاد;сталь
پولک;блёстка
پولیتیسین;политик
پی;ступня, нога
پیاده;пешком
پیاز;лук
پیاله;чаша, кубок, бокал; чашка, пиала
پیامبر;пророк
پیان;пьяный
پیانو;муз. фортепиано (фортепьяно)
پیانیست;пианист
پیتزا;пицца
پیچ‌گوشتی;техн. отвёртка
پیر;понедельник
پیر شدن;стареть
پیراهن;рубаха, рубашка
پیرمرد;старик, старец
پیروز;Пируз (победитель)
پیروزی;победа
پیری;старость
پیریت;минер. пирит
پیری‌شناسی;геронтология
پیژامه;пижама
پیش;перед
پیشانی;анат. лоб
پیشرفت;прогресс
پیشکش;подарок
پیشنام;местоимение
پیشوند;лингв. префикс, приставка
پیشی;кошка
پیغامبر;пророк
پیغمبر;предсказатель, пророк
پیکومتر;физ. пикометр
پیل;слон
پیلسته;слоновая кость
پیوستن;соединять
ت;местоименный инклитик 2-о лица ед. числа
تئاتر;театр
تئوبرومین;биохим. теобромин
تئوری;теория
تا;до
تاب;жар
تابستان;лето
تابستانی;летний
تابه;сковородка
تابوت;гроб
تابیدن;блестеть
تاج;корона
تاج بیگ;Таджбек (дворец Амина)
تاجیک;таджик
تاجیکستان;Таджикистан
تار;телеграмма
تارتن;паук
تارتنک;паук
تارزن;тарист, музыкант, играющий на таре
تاریخ;история
تاریخی;исторический
تاریک;тёмный
تازه;свежий
تاسمانی;Тасмания
تاسوعا;тасуа (9 мухаррам, день траура)
تاکستان;виноградник
تاکسی;такси
تاگریک;тугрик
تالیم;хим. таллий
تامیل نادو;Тамилнад
تاندون;анат. сухожилие
تانک;военн. танк
تاواس;Тавас
تایلند;Таиланд
تایلندی;таец, таиландец
تایمر;таймер
تبر;топор
تبريز;Тебриз
تبسم;улыбка
تبع;последователь
تبلیغ;реклама, объявление
تبه;Тебю
تپانچه;пистолет
تپه;холм
تتراهیدروکانابینول;хим. тетрагидроканнабинол
تتو;татуировка
تجارت;торговля
تحرير;освобождение
تحسین;восхищение, восторг
تخت;трон
تخته‌اسکیت;скейтборд
تخم;яйцо
تخمين;оценка
تر;другой
تراب;земля
ترازو;весы
تراژدی;трагедия
تراژدی-کمدی;трагикомедия
تراژیکمدی;трагикомедия
تراکتور;трактор
تراکیه;Фракия
ترانزیستور;техн. транзистор
ترانسیلوانیا;Трансильвания
ترانه;песня
ترب;редька
ترتيل;медленное чтение Корана
ترجمه;перевод
ترس;страх
ترسا;христианин
ترساندن;пугать
ترسایی;христианство
ترسو;трус
ترسیدن;бояться
ترش;кислый
ترقوه;анат. ключица
ترقی;прогресс
ترکش;военн. шрапнель
ترکیه;Турция
ترمز;тормоз
ترمودینامیک;физ. термодинамика
ترنج;цитрон
تروریست;террорист
تروریسم;терроризм
ترولهتان;Тролльхеттан
تریاک;опиум
تری‌یاکی;терияки
تزار;царь
تسئوس;Тесей
تشت;таз
تشتک;пробка (металлическая)
تشکر;спасибо
تشکر کردن;благодарить
تشنگی;жажда
تشهد;ташаххуд
تصاعد;матем. прогрессия
تصاعد حسابی;матем. арифметическая прогрессия
تصاعد هندسی;матем. геометрическая прогрессия
تصویر;портрет
تضاد;конфликт
تعریف;определение
تعصب;предрассудок
تعمید;крещение
تغافل;беспечность
تغییر;изменение
تفت;тепло
تفریح;отдых
تفریق;матем. вычитание
تفکر;размышление
تقدیم;преподнесение
تقلا;суета
تقی;Таги («благочестивый»)
تقی‌الدین;Такиуддин
تقیه;такия
تكبر;высокомерие
تكواژ;лингв. морфема
تکامل;эволюция
تک‌تیرانداز;снайпер
تکرار;повторение
تک‌شاخ;единорог
تکنولوژی;технология
تکواندو;тхэквондо
تگرگ;метеорол. град
تلخ;горький
تلسکوپ;телескоп
تلف;гибель
تلفظ;произношение
تلکس;техн. телекс
تلگراف;телеграф
تلگرام;телеграмма
تلومراز;биохим. теломераза
تلیسه;тёлка, нетель
تم;бельмо
تمر;тамаринд
تمساح;крокодил
تن;тело
تناسخ;реинкарнация
تند;быстро
تندپز;микроволновая печь
تندر;гром
تندنفسی;мед. тахипноэ
تنزيل;снижение
تنطيم;упорядочение
تنگ;узкий
تنگستن;хим. вольфрам
تنيدن;вить, плести
تنیسور;спорт. теннисист
تهدید;угроза
تهران;геогр. Тегеран
تهمورث;Тахмурас, Тахмуруп
تهوع;тошнота
تهی;пустой, порожний
تو;ты
توبا;муз. туба
توپولوژی;топология
توتون;табак
توجه;внимание
توده;тёплый, горячий
تور;чёрный
توران;Туран
تورم;экон. инфляция
تورنسل;хим. лакмус
توسکا;ботан. ольха (Alnus)
توسی;серый
توصیف;описание
توطئه;заговор, сговор
توکیو;Токио
توگو;Того
تولد;рождение
تولید ناخالص ملی;экон. валовой национальный продукт
تومسک;Томск
تين;бидон
تیتانیم;хим. титан
تیر;стрела
تیشتر;Тиштрия
ثروتمند;богатый,  состоятельный
ثلث;треть
ثلج;снег
جا;место
جادو;магия
جادوگر;маг, волшебник, чародей
جادوگری;колдовство
جاذبه;гравитация; тяготение
جارکند;Джаркханд
جاعل;мошенник
جالب;интересный; занимательный
جام;рюмка
جامائیکا;Ямайка
جاماسپ;Джамасп
جامعه;общество
جامعه‌شناسی;социология
جامه;халат
جامه‌دان;чемодан
جامو و کشمیر;Джамму и Кашмир
جانور;животное
جاهلی;невежество
جایزه;премия
جبر;матем. алгебра
جبری;алгебраический
جثه;тело
جدل;спор
جذام;проказа
جذب;притяжение
جر;вода
جرقه;искра
جرم;юр. преступление
جریان متلاطم;турбулентное течение
جزء;часть
جزئیات;деталь
جزا;наказание
جزر;отлив
جزیره;остров
جستن;искать
جسم;тело
جشن;праздник
جعبه;коробка
جعل;подделка
جغد;орнитол. сова
جفت;пара
جفر;кабалистика, гадание по буквам
جگر;анат. печень
جل;жаворонок
جلد;переплёт
جمشید;Джамшид
جمعه;пятница
جمعیت;население
جمل;верблюд
جمله;лингв. предложение
جمهوری;республика
جمهوری آذربایجان;Азербайджан
جمهوری خلق دونتسک;Донецкая Народная Республика
جمهوری فدرال بنگلادش;Народная Республика Бангладеш
جن;джинн
جناح;фланг, крыло, фракция
جنازه;похороны
جنبش;движение
جنگ;война
جنگ داخلی;гражданская война
جنگ سرد;истор. полит. холодная война
جنگ هسته‌ای;ядерная война
جنگ‌افزار هسته‌ای;ядерное оружие
جنگل;лес
جهاد;джихад
جهان;мир, свет
جهانی‌سازی;глобализация
جهد;усилие
جهرم;геогр. Джехром
جهنم;ад
جهود;еврей
جو;ручей
جواب;ответ
جوان;молодой
جوانی;юность, молодость
جواهر;драгоценный камень
جوجه;зоол. цыплёнок
جوجه‌تیغی;зоол. ёж
جود;щедрость
جودو;дзюдо
جور;притеснение
جوز;грецкий орех
جوع;голод
جوف;пустота
جید;шея
چاباق‌سر;Чебоксары
چابهار;Чабахар
چاپگر;принтер
چادر;палатка
چارپا;четвероногий
چارمیخ;распятие
چاقو;нож
چامه;стихотворение
چانه;анат. подбородок
چای;чай
چپ;левый
چچنستان;Чечня
چدن;металл. чугун
چراغ;лампа; фонарь; светильник
چراگاه;пастбище
چرخ;колесо
چرخ خیاطی;швейная машина
چرخند;метеорол. циклон
چرم;кожа
چشم;анат. глаз
چشم‌پزشک;офтальмолог
چشم‌پزشکی;офтальмология
چشمه;родник
چک;чешский
چکسلواکی;Чехословакия
چکش;молот, молоток
چکه;капля
چلچله;орнитол. ласточка (Hirundo)
چمچه;ложка
چمدان;чемодан
چنار;платан
چندخدایی;политеизм
چندشوهری;полиандрия, многомужество
چندضلعی;геометр. многоугольник
چهار;четыре
چَهار;четыре
چهارده;четырнадцать
چهارشنبه;среда (день недели)
چهارضلعی;геометр. четырёхугольник
چهارم;четвёртый
چهارور;геометр. четырёхугольник
چهره;лицо
چهل;сорок
چو;четыре
چوب;древесина
چوبی;деревянный
چوبین;деревянный
چیره‌دستی;ловкость, сноровка
چین;Китай
چینود;Чинвад
حافظه;память
حالت نهادی;лингв. именительный падеж, номинатив
حب;зерно
حباب;пузырь, плафон, медуза
حبس;арест
حبش;эфиоп
حبشی;абиссинец
حبل;верёвка
حبه;зерно
حتم;уверенность
حتمی;неизбежный, неминуемый
حتمی‌الوقوع;неизбежный, неминуемый
حجاب;хиджаб, покрывало, вуаль
حجب;скромность
حجت;доказательство
حجر;камень
حجم‌گرایی;искусств. кубизм
حد;граница, предел
حدب;горб, шишка, вал
حر;свободный
حرف;буква
حرف اضافه;предлог
حرف ربط;лингв. союз
حرف زدن;говорить, разговаривать
حرق;сжигание, ожог
حرکت;движение
حزب;партия
حزیران;июнь
حساب;арифметика
حساب جمل;хисаб джумаль
حسابدار;бухгалтер
حساسیت;мед. аллергия
حسب;количество
حسب‌حال;автобиография
حسد;зависть
حسن;красивый
حسود;завистник
حسینیه;хусейния
حشره;зоол. насекомое
حشره‌شناسی;энтомология
حشیش;гашиш
حصار;забор, крепость, осада
حصن;крепость
حفر;копание, рытьё, бурение
حفظ;охрана
حفیظ‌الله;Хафизулла
حق;право
حقیقت;правда
حکاری;Хаккяри
حکمتآمیز;мудрый
حکومت;правительство
حلق;горло
حمد;хвала, похвала
حمل;Овен
حنانگاری;менди
حورالعین;гурия
حوری;гурия
حين;время
حیات;жизнь
حیوان;животное
حیوانی;звериный
خاتم‌الانبیا;печать пророков (эпитет Мухаммада)
خاتمه;конец
خارپشت;зоол. ёж (Erinaceus)
خارکوف;Харьков
خاش;тёща, свекровь
خاطب;религ. проповедник
خاک;пыль
خاکاسیا;Хакасия
خاکسپاری آسمانی;небесное погребение
خاکستر;зола
خاکستری;серый
خال;родинка
خالق;творец
خال‌کوبی;татуировка
خاموش;тихий, спокойный
خاموشی;тишина
خان;хан
خانقاه;обитель дервишей, текке
خانگاه;обитель дервишей, текке
خانم;госпожа
خانه;жилище
خانواده;семья
خاور;восток
خایه;устар. яйцо
خبزدو;энтомол. жук
ختم;конец
ختنه;обрезание
خجند;Худжанд
خد;щека
خدا;религ. бог
خدا را شکر;слава Богу
خداوند;бог
خدعه;обман
خدیجه;Хадиджа
خر;зоол. осёл, ишак (Equus asinus asinus)
خرد;маленький
خرداد;хордад (месяц иранского календаря)
خرده‌فرهنگ;субкультура
خرس;медведь
خرف;слабоумие
خرق;разрывание
خرقه;рубище (одежда аскета)
خرقه‌بازی;разрывание одежды во время суфийских радений
خرقه‌پوش;дервиш
خرگوش;зоол. кролик
خرما;финик
خرمشهر;геогр. Хорремшехр
خرمگس;овод
خرناس;храп
خروس;зоол. петух
خرید;покупка
خریدن;покупать
خز;шёлк
خزان;осень
خزنه;ботан. шалфей (Salvia)
خسرو;Хосров
خش;мусор
خشب;древесина
خشخاش;мак
خشک;сухой
خضر;Хезр (пророк, нашедший источник живой воды)
خط;письмо
خطاء;ошибка
خطاط;каллиграф
خطاطی;каллиграфия
خطر;опасность
خطرناک;опасный
خط‌کش;линейка
خف;огниво
خل;уксус
خلاص;избавление
خلافت;истор. халифат
خلج;Халадж
خلجی;Халджи
خلد;рай
خلف;преемник, потомство, наследник
خلو;пустота
خلوت;отшельничество
خمس;хомс, пятая часть военной добычи, шедшая на содержание родичей пророка Мухаммеда, сирот и нищих
خمل;ворс
خمول;безвестность
خمیر;кулин. тесто
خنجر;кинжал
خنده;смех
خندیدن;смеяться
خنگ;глупец, дурак
خنياگر;музыкант
خواب;сон, сновидение
خوابيدن;спать
خوابیدن;спать
خوار;презренный
خواندن;читать
خواهر;сестра (дочь тех же родителей)
خواهرانه;сестринский
خواهرزاده;племянник
خواهندر;сводная сестра
خوب;хорошо, прекрасно
خودآگاهی;сознание
خودبسندگی;полит. автаркия
خودرو;автомобиль
خودکشی;самоубийство, суицид
خودمختاری;автономия
خور;сестра (дочь тех же родителей)
خوراک;еда
خورد;маленький
خوردن;есть, кушать
خورشید;Солнце
خوش;хороший
خوشبختی;счастье
خوشحال;счастливый, радостный
خوشمزه;вкусный, лакомый
خوشنویس;каллиграф
خوشنویسی;каллиграфия
خوشی;счастье
خوف;страх
خوک;свинья
خون;кровь
خون‌شناسی;гематология
خوی;характер
خیار;огурец
خیزش;восстание
داد;закон
دادستان;прокурор
دادن;давать, дать
داده‌ها;данные
دادور;устар. судья
دار;виселица
دارچين;корица
داردانل;Дарданеллы
دارکوب;орнитол. дятел
دارو;лекарство, медикамент
داروخانه;аптека
داروشناسی;фармакология
داریوش;Дарий
داس;серп
داس و چکش;серп и молот
داستان;дастан
داش;гончарная печь
داشتن;иметь, обладать, владеть
داغ;клеймо
دام;цена
داماد;жених
دامپزشک;ветеринар
دانس;танец
دانستن;знать
دانش;знание
دانشگاه;университет
دانشمند;учёный
دانشمندیان;Данишмендиды
دانشنامه;энциклопедия
دانمارک;Дания
دانمارکی;датчанин
دانه;зерно
دایرةالبروج;астрон. эклиптика
دایره;геометр. окружность
دب;медведь
دبیرستان;школа
دثار;верхняя одежда
دج;твёрдый
دجال;антимухаммад, лжемахди
دخان;дым (44-я сура Корана)
دختر;дочь
دختندر;падчерица, приёмная дочь
دخمه;дахма
دخمهبان;страж гробницы
دخیل;заимствование
دد;зверь
در;дверь
درآمد;прибыль
درآمدن;выходить
دربار;двор
درج;включение, вставка, запись, публикация
درخت;дерево
درخودماندگی;аутизм
درد;боль
درزی;портной
درستی;точность, правильность
درفش;шило
درگر;столяр
درگوشی;шёпот
درم;диргем (единица веса)
دروازه;ворота
درود;приветствие
درودگر;столяр
دروغ;ложь
دروغ پردازی;враньё, рассказывание небылиц
دریا;море
دریابد;адмирал
دریاچه;геогр. озеро
دریای آدریاتیک;Адриатическое море
دریای خزر;Каспийское море
دریای سارگاسو;Саргассово море
دریای کارائیب;Карибское море
دریای مدیترانه;Средиземное море
دریای یونان;Ионическое море
دزد;вор
دزدسالاری;клептократия
دزدیدن;воровать, красть
دزفول;геогр. Дизфуль
دژپیه;анат. железа
دژخیم;палач
دساتير;зороастрийские заповеди Махабада
دسامبر;декабрь
دست;анат. рука
دستان;мелодия
دست‌بند;наручники
دستبند;браслет
دستمال;носовой платок
دست‌نوشته;рукопись, манускрипт
دستور;инструкция
دستور زبان;грамматика
دستیاری;помощь, содействие
دسر;десерт
دسیسه;заговор, сговор
دشت;пустыня
دشمن;враг
دشمنی;вражеский, неприятельский
دعا;молитва
دعا کردن;молить, молиться
دف;бубен
دفاع;оборона
دفترچه;записная книжка
دفع;отталкивание
دکتر;доктор
دکترین;доктрина
دکسترین;хим. декстрин
دکل;морск. мачта
دگرجنس‌گرا;гетеросексуальный
دگرجنس‌گرایی;гетеросексуальность
دل به دریا زدن;пойти на риск
دلبند;родной, привлекательный
دلفین‌خانه;дельфинарий
دلق;рубище дервиша
دم;дыхание
دُم;анат. хвост
دماغ;мозг
دموکراسی;демократия
دمیتری;Дмитрий
دن;день
دندان;анат. зуб
دندان‌پزشک;дантист, стоматолог, зубной врач
دندان‌پزشکی;стоматология
دندانساز;зубной врач, стоматолог, дантист
دنس;грязь
دنیا;мир, свет
دنیدن;(весело) бежать
ده;десять
دَه;десять
دهاء;сообразительность
دهان;рот
دهر;эпоха
دهره;серп
دهقان;крестьянин
دهکرد;Дехкорд
دهکردی;Дехкорди
دهن;мазь
دو;бег
دوات;чернильница
دوازده;двенадцать
دوازده‌وجهی;геометр. двенадцатигранник, додекаэдр
دوجنس‌گرا;бисексуальный
دوجنس‌گرایی;бисексуальность
دوچرخه;велосипед
دوچرخه‌سوار;велосипедист
دوخ;камыш
دوختن;шить
دود;дым
دود کردن;курить
دودمان;семья, род, династия
دوربین;бинокль
دورژاک;Дворжак
دورود;геогр. Доруд
دوزخ;ад
دوزندگی;шитьё
دوس;клей
دوست;друг
دوستی;дружба
دوسلدورف;Дюссельдорф
دوش;плечо
دوشنبه;понедельник
دوشیدن;доить
دوغدو;Дугдав (мать Заратуштры)
دوک‌نشین بزرگ لیتوانی;истор. Великое княжество Литовское
دول;волокита
دولت;правительство
دولت‌شهر;город-государство
دوم;второй
دونات;пончик, пышка, пампушка
دوناگری;деванагари
دونتسک;Донецк
دونده;бегун
دویدن;бегать, бежать
دویست;двести (۲۰۰)
دين;религия
دينار;динар
دیپلماسی;дипломатия
دیدن;видеть
دیسپروزیم;хим. диспрозий
دیستونی;мед. дистония
دیسک سخت;комп. жёсткий диск
دیفتری;мед. дифтерия, дифтерит
دین;религия; вероисповедание
دین زرتشتی;зороастризм
دینامیک;динамичный
دینکرد;Динкард
دیو;див, демон
دیوار;архит. стена
دیونوگورسک;Дивногорск
ذکر;зикр
ذنب;анат. хвост
ذهن;память
ذوزنقه;геометр. трапеция
ذیحجه;зуль-хиджа, зихадже
رئيس;президент
رابط;отношение
راجستان;Раджастхан
راحت;удобный, уютный
رادون;хим. радон
راز;тайна
رازبان;секретарь шаха, хранитель тайн
رازدار;хранитель тайны
رازدان;посвящённый в тайну
رازی;Рази (нисба)
راست;правый
راستی;истина
راسو;зоол. ласка
راندمان;эффективность
راندن;гнать
راه;дорога, путь
راه‌آهن;железная дорога
راهبردی;стратегический
راه‌بند;препятствие на дороге
راهزن;разбойник
راهنما;путеводитель
رایانه;компьютер
رایگان;бесплатный
رایومند;богатый,  состоятельный
رب;господин
رب دشامبر;халат
رباب;ребаб
رباعی;рубаи
ربع;четверть
ربی;раввин
رت;голый
رتیل;сольпуга
رجب;раджаб
رجز;самовосхваление (перед лицом противника)
رجزخوان;хвастун
رجل;деятель
رحب;широкий, великодушный
رحم;матка, родство
رحیم;милосердный
رخ;лицо, облик
رخش;блеск
رخنه‌;пробоина
رخنه‌گر;хакер
رذل;подлец
رز;виноградная лоза
رژ لب;губная помада
رژیم;диета
رس;продовольствие
رسانایی;проводимость
رستاخیز;воскресение
رستم;Рустам
رستن;расти
رستوران;ресторан
رسم;обычай
رسمالخط;орфография, правописание
رسمی;официальный, формальный
رش;локоть, аршин
رشت;Решт
رشته;поле
رشد;рост, развитие
رشک;зависть
رشوه;взятка
رصد;наблюдение
رصدخانه;обсерватория
رضا;согласие, удовлетворённость
رضوان;ангел рая
رطب;спелые финики
رعد;гром
رفتن;идти
رفسنجان;геогр. Рафсанджан
رقاص;танцор
رقاع;рука (разновидность почерка)
رقصیدن;танцевать, плясать
رقم;деньги
رکاب;стремя
رگنسبورگ;Регенсбург
رم;ремонт
رمام;гниение
رمان;гранат
رمد;воспаление глаз
رمز;символ
رمزنگاری;криптография
رمضان;религ. рамадан, рамазан (девятый месяц мусульманского лунного календаря, а также пост в этот месяц)
رنده;рубанок
رنگ;цвет
رنگین‌کمان;радуга
رهاب;рахаб, название тона в иранской классической музыке
رو;анат. лицо (передняя часть головы)
روان;душа
روان‌پزشک;психиатр
روان‌پزشکی;психиатрия
روانپزشکی;психиатрия
روان‌شناسی;психология
روان‌گسیختگی;психиатр. шизофрения
روایت;предание
روباه;зоол. лиса, лисица (vulpes)
روبیان;зоол. омар; лобстер
روبیدیم;хим. рубидий
روپیه;рупия
روح;дух, душа
روح‌الله;Рухалла
روخ;тростник, используемый для плетения циновок
رود;река
رودخانه;река
رودک;зоол. барсук (Meles meles)
روده;анат. кишка
روز;день
روز استقلال;День независимости
روز جمهوری اسلامی;День Исламской республики (۱۲ فروردین)
روزگار;время
روزنامه;газета
روزنامه‌نگار;журналист
روزنامه‌نگاری;журналистика
روزه;пост
روزی;хлеб насущный
روس;Россия
روسپی;проститутка, шлюха, блудница, куртизанка
روسیه;Россия
روش;процедура
روش علمی;научный метод
روشن;светлый
روشنایی;свет
روشنی;свет
رولور;револьвер
روماتولوژی;ревматология
رومانتیک;романтический, романтичный
رومانی;Румыния
رومانیایی;румын
رونویسی;копировать
روی;хим. цинк
رياضيات;математика
ريح;ветер
ری;Рей (город)
ریاضیات;математика
ریخت;фигура, форма
ریختن;сыпать, лить, отливать
ریز;лей
ریزلقمه;физ. мицелла
ریسه;хихиканье
ریش;борода
ریشه;ботан. корень
ریکشا;рикша
ریگ;песок
ریگستان;пустыня, регистан
ریم;гной, грязь
زابل;геогр. Заболь
زادشم;Задашм
زادگاه;место рождения
زادن;рождать
زاده;потомок
زار;царь
زاریدن;плакать
زاغ;зоол. ворона (Corvus)
زاکسن;Саксония
زاگرب;Загреб
زال;женщина
زانو;анат. колено
زاهد;отшельник, аскет
زاویه;геометр. угол
زاویه قائمه;геометр. прямой угол
زایتسف;транслитерация русской фамилии Зайцев
زایش;рождение
زاییدن;рождать
زبان;язык (мышечный орган)
زبان‌ برنامه‌نویسی;комп. язык программирования
زبان خارجی;иностранный язык
زبان طبیعی;естественный язык
زبان مادری;родной язык
زبان‌شناس;языковед, лингвист
زبان‌شناسی;лингв. лингвистика
زبان‌شناسی محاسباتی;вычислительная лингвистика
زج;остриё копья
زحل;Сатурн
زخرف;украшение
زخم;мед. рана
زدن;бить, стучать
زر;золото
زرافه;зоол. жираф
زرتشت;Заратуштра
زرتشتی;зороастриец
زرد;жёлтый
زردآلو;абрикос
زرداب;физиол. желчь, жёлчь
زردچوبه;куркума
زرده;желток
زرشک;ботан. барбарис
زرع;обработка земли
زرق;лицемерие
زرمان;устар. старость
زرناپا;жираф
زرنیک;хим. мышьяк
زریر;Зарир
زكريا;Закария
زلزله;землетрясение
زلزله‌شناسی;сейсмология
زلکوا;ботан. дзельква
زم;холод
زمام;узда
زمرد;изумруд
زمره;категория, класс, группа
زمستان;зима
زِمِستان;зима
زمستانی;зимний
زمین;земля
زمین‌لرزه;землетрясение
زن;женщина
زنا;прелюбодеяние, зина
زنانگی;женственность
زنبر;носилки (для земли)
زنبور;энтомол. оса
زنجان;геогр. Зенджан
زنجبیل;имбирь
زنخدار;геометр. трапеция
زندان;тюрьма
زندانی;узник
زندگانی;жизнь
زندگی;жизнь
زندیق;зиндик
زنگ;ржавчина
زنگبار;Занзибар
زنگی;чернокожий
زنون;хим. ксенон
زهر;яд, отрава
زهرشناسی;токсикология
زهره;Венера
زو;Зав
زوج;муж
زوجه;жена
زور;устар. ложь, неправда
زورق;лодка, баркас
زياد;многочисленный
زیان;вред
زیب;украшение
زیبائی;красота
زیبابین;калейдоскоп
زیبایی;красота
زیتون;ботан. олива, маслина
زیر;низ
زیردریایی;морск. подводная лодка, подлодка
زیرمجموعه;матем. подмножество
زیره;ботан. тмин
زیست‌جامعه‌شناسی;социобиология
زیست‌شناسی;биология
زیست‌شناسی محاسباتی;вычислительная биология
زیست‌شیمی;биохимия
زیستن;жить
زیغ;ненависть
زین;седло
ژئود;геол. жеода
ژئودزی;геодезия
ژاپن;Япония
ژاپنی;японец
ژاندارم;жандарм
ژانگلر;жонглёр
ژانویه;январь
ژرف;глубокий
ژل;хим. гель
ژلاتین;желатин
ژن;ген
ژنرال;военн. генерал
ژنو;Женева
ژنوم;генет. геном
ژوئن;июнь
ژوئیه;июль
ژورنالیست;журналист
ژورنالیسم;журналистика
ژوهانسبورگ;Йоханнесбург
ژیتومیر;Житомир
سؤال;вопрос
ساحر;колдун
ساحل;пляж
ساختمان;здание, строение
ساختن;строить
سارت;сарты
ساري;геогр. Сари
سازواره;организм
ساسان;Сасан
ساعت;час
ساکسوفون;муз. саксофон
سال;год
سالدات;воин, солдат
سالک;путник
سالنامه;календарь
سام;Сам (Сим)
سامانه خورشیدی;астрон. Солнечная система
سامبا;муз. самба
سان فرانسیسکو;Сан-Франциско
سانتریفوژ;центрифуга
سانتی‌متر;сантиметр
ساندویچ;сэндвич, бутерброд
ساوه;геогр. Саве
سايه;тень
سایکودراما;психол. психодрама
ساینتولوژی;саентология
سبد;корзина
سبز;зелёный
سبزه;трава
سبزوار;геогр. Себзевар
سبق;опережение
سپاس;спасибо
سپاسگزار;благодарный
سپاسگزاری;признательность
سپاسگزاری کردن;благодарить
سپتامبر;сентябрь
سپرز;анат. селезёнка
سپل;копыто
ستارک;астрон. астероид
ستاره;звезда
ستاره‌شناسی;астрономия
ستاندن;брать
ستایش;хвала
ستر;семьдесят
سته;ягода
ستون;колонна
سجده;поклон
سحر;утро
سخت‌کوش;трудолюбивый, работящий
سخن;речь
سخنرانی;лекция
سد;преграда
سدره‌;седре
سدره‌پوشی;седре-пуши
سدیم;хим. натрий
سر;анат. голова
سرآغاز;пролог, вступление
سراب;мираж, пустое обещание
سرانجام;конец, исход, заключение
سرای;жилище
سرب;хим. свинец
سرباز;воин, солдат
سرتراش;парикмахер
سرخ;красный
سرخ نای;анат. пищевод
سرخرگ;анат. артерия
سرخس;ботан. папоротник
سرخک;мед. корь
سرد;холодный
سرزمین کراسنویارسک;Красноярский край
سرسوتی;мифол. Сарасвати
سرشک;слеза
سرشیر;сливки
سرطان;рак
سرعت;скорость
سرفه;физиол. кашель
سرکه;уксус
سرمایه‌داری;капитализм
سرمه;хим. сурьма
سرنگ;шприц
سرودن;петь
سرویس;сервиз
سری جایاواردنپورا کوته;Шри-Джаяварденепура-Котте
سریع;быстрый
سریم;хим. церий
سزا;наказание
سزیم;хим. цезий
سس;соус
سطل;ведро
سعدان;Юпитер и Венера (планеты, приносящие счастье)
سعید;счастливый
سفارت;посольство
سفر;путешествие
سفط;корзина
سفید;белый
سفیر;дипл. посол
سفینه;корабль
سقز;геогр. Саккез
سقف;потолок
سکندر;Александр
سکندرآباد;Сикандрабад
سکه;монета
سکوت;тишина
سکون;покой
سگ;зоол. собака
سگبان;псарь
سگزى;систанец
سل;туберкулёз
سلاح هسته‌ای;ядерное оружие
سلام علیکم;здравствуйте!
سلامت;здоровье
سلامتی;здоровье
سلب;отнятие, отрицание
سلسله;истор. династия
سلطان;султан
سلطنت;монархия
سلفی;селфи
سلک;линия
سلکت;Селкет (египетск. богиня)
سلمانی;парикмахерская
سلیمان;Сулейман
سلیمانی;Сулеймани
سم;яд
سماور;самовар
سمن;жасмин
سمنان;геогр. Семнан
سمندر;саламандра
سمور;зоол. куница (лат. martes)
سن;год
سن پترزبورگ;Санкт-Петербург
سنار;саннар (монета достоинством в 2 шахи)
سنبل;гиацинт
سنت;традиция
سنجاقک;энтомол. зоол. стрекоза (лат. Odonata)
سند;документ
سندان;наковальня
سندرم;синдром
سنکپ;муз. синкопа
سنکوپ;обморок
سنگ;камень
سنگاپور;Сингапур
سنگ‌کره;литосфера
سنندج;Санандадж
سه;три
سِه;три
سهامدار;акционер
سهره;чиж
سه‌شنبه;вторник
سهم;доля, вклад, акция
سهمی;геометр. парабола
سو;сторона, направление
سوئال;вопрос
سوئد;Швеция
سوئیس;Швейцария
سواد;грамотность
سوار;всадник
سواره‌نظام;военн. кавалерия, конница
سواستوپول;Севастополь
سوبسید;субсидия
سوپ;суп
سوت;свист
سوختن;гореть
سوخرا;Сухра
سود;прибыль
سودتلیا;Сёдертелье
سور;боль
سوراخ کس;влагалище
سوریه;Сирия
سوزن;игла, иголка (швейная)
سوسک;энтомол. таракан
سوسیالیست;социалист
سوسیالیستی;социалистический
سوسیالیسم;полит. социализм
سوسیالیسم دموکراتیک;демократический социализм
سوشیانس;Сошьянс, Саошьянт
سوغاتی;сувенир
سوک;ость
سوگ;горе
سوگند;клятва
سولیتون;солитон
سوم;третий
سونامی;цунами
سوندسوال;Сундсвалль
سياسی;политический
سيرجان;геогр. Сирджан
سی;тридцать
سیاح;путешественник
سیارک;астрон. астероид
سیاره;астрон. планета
سیاست‌مدار;политик
سیامک;Сиамак
سیاه;чёрный
سیاوش;Сиявуш
سیب;яблоко
سیبرنتیک;кибернетика
سیبری;Сибирь
سیب‌زمینی;картофель
سیر;чеснок
سیرک;цирк
سیزده;тринадцать
سیزده‌به‌در;День природы
سیستئین;биохим. цистеин
سیستم عامل;операционная система
سیسیل;Сицилия
سیصد;триста
سیکلون;метеорол. циклон
سیگار;сигарета
سیل;наводнение
سیلیسیم;хим.кремний
سیم;хим. серебро
سیمان;цемент
سیمرغ;Симург, фантастическая птица иранской мифологии
سیمفروپول;Симферополь
سینه;грудь
سیوندی;сивенди
شاپور;Шапур
شاپورگان;Шапуракан
شاخ;анат. рог
شاخ طلایی;Золотой Рог
شاد;счастливый, радостный
شادمان;счастливый, радостный
شادی;счастье
شاذ;редкий
شاذلیه;шазилия
شار;город
شاعر;поэт
شاگرد;ученик
شال;шарф
شام;ужин
شانزده;шестнадцать
شانگهای;Шанхай
شاه;шах
شاه مات;шахматы
شاه‌آباد;Шахабад
شاه‌آبادی;Шахабади
شاه‌دانه;марихуана
شاهدخت;дочь шаха, принцесса
شاهرود;Шахруд
شاهرودی;Шахруди
شاهزاده;принц
شاهکار;шедевр
شاهنامه;Шахнаме
شاهنشاه;царь царей
شاهنشاهی;истор. империя
شاهین;орнитол. сокол
شایست نشایست;Шаист-Нашаист
شایستن;приличествовать
شب;ночь
شباط;февраль
شبانه;ночной
شباهنگ;соловей
شب‌غریب;шабгариб (пища, раздаваемая нищим за упокой души покойника в первый вечер после похорон)
شبق;минер. гагат
شبنم;роса
شت;кисть
شتاء;зима
شتر;зоол. верблюд
شترگاوپلنگ;жираф
شترمرغ;страус
شجر;дерево (растение)
شخار;поташ, нашатырь
شدن;делаться, становиться
شراب;вино
شربت;шербет
شرح;объяснение
شرع;закон
شرف;честь, слава
شرف‌الدین;Шарфуддин
شرق;восток
شرق تیمور;Восточный Тимор
شرقی;восточный
شریف‌زاده;Шарифзадэ
شریفی;Шарифи
شستن;мыть
شش;шесть
شِش;шесть
ششم;шестой
شصت;шестьдесят (۶۰)
شصت و پنج;шестьдесят пять
شط;река
شطرنج;шахматы
شعاع;луч (света)
شعبان;шаабан
شعبانی;Шабани
شعر;поэзия
شعيب;Шуайб
شغاد;Шагад
شغال;зоол. шакал (Canis aureus)
شغل;работа
شفاف;прозрачный
شفافی;прозрачность
شفافیت;прозрачность
شفتالو;персик (плод)
شق;трещина
شقایق;мак
شک;сомнение
شکارچی;охотник
شکاف;щель
شکافتن;раскалывать
شکر;сахар
شکست;поражение
شکل;форма
شکلات;шоколад
شکم;живот
شگفتی;чудо, диво
شلغم;репа
شلوار;штаны
شلیک;стрельба
شم;обоняние
شما;вы
شمار;число
شماره تلفن;номер телефона
شمال;север
شمالی;северный
شمامه;дыня
شمان;боящийся
شمپانزه;шимпанзе
شمد;простыня
شمردن;считать
شمس;солнце
شمسه;изображение солнца на куполе мечети
شمش;слиток
شمشير;сабля
شمشیربازی;фехтование
شمع;свеча (осветительное приспособление)
شمعدان;канделябр, подсвечник
شمن;этногр. шаман
شمن‌باوری;шаманизм
شمیدن;бояться
شن;песок, гравий
شناختن;знать
شنبه;суббота
شنقار;кречет
شنگویر;имбирь
شنوشه;чихание
شنیدن;слышать
شهباز;зоол. орёл
شهر;город
شهراسب;Шахрасб
شهران‌گراز;Шахрангураз
شهرزاد;Шахризада
شهرضا;геогр. Шехреза
شهروند;гражданин
شهروندان;гражданство, подданство
شهروندی;гражданство, подданство
شهريار;геогр. Шехрияр
شهریار;Шахрияр
شهریور;шахривар (месяц иранского календаря)
شهيد;шахид
شوابن;геогр. Швабия
شور;солёный
شورا;совет
شوراندن;подстрекать
شورباه;суп
شورش;волнение
شورشی;бунтарь, бунтовщик
شوره;хим. селитра
شوروی;шурави
شوريدن;возмущаться
شوشتر;Шуштер
شوشتری;Шуштари
شوهر;супруг
شوونیسم;шовинизм
شوید;ботан. укроп (Anethum)
شيراز;геогр. Шираз
شیر;зоол. ?
شیردوش;доярка
شیرویه;Шируйе
شیشه;стекло
شیطان;шайтан
شیطان‌پرستی;сатанизм
شیکاگو;Чикаго
شیمی;химия
شیمی آلی;органическая химия
شیمی محاسباتی;вычислительная химия
شیمی‌دان;химик
صابون;мыло
صاحب;владелец
صاف;плоский
صانع;творец
صانعی;Саанеи
صبح;утро
صبح بخیر;доброе утро!
صحبت;речь
صحت;здоровье
صحرا;пустыня
صحفه;страница
صَد;сто
صدا;голос
صدپا;сороконожка
صدف;перламутр
صراط;путь
صربستان;Сербия
صرف;лингв. морфология
صفت;имя прилагательное
صفحه;страница
صفر;сафар
صفرا;физиол. желчь, жёлчь
صفویه;религ. суфизм
صفى;избранник
صفير;свист
صقلیه;Сицилия
صلاح‌الدین;Саладин, Салахуддин
صلب;распятие
صندلی;стул
صنع;творчество
صنم;идол
صنم‌پرست;идолопоклонник
صور;рог архангела Исрафила
صورت;лицо
صوم;пост
صومعه;религ. монастырь
ضبط;конфискация
ضبط کردن;конфисковать
ضحاک;Беварасп
ضد;противоположность
ضرب;удар
ضربالمثل;пословица
ضرر;вред
ضروری;ненужный, необходимый
ضلع;сторона, край, зубец, ребро
ضمیر;местоимение
ضمیمه;приложение
طاس;лысый
طاعون;мед. чума
طاغوت;идол
طاقت;выносливость
طالب;учащийся
طب;медицина
طبقه;этаж
طبقه کارگر;рабочий класс
طبل;барабан
طبیب;врач, лекарь
طبیعت;природа
طحال;анат. селезёнка
طرف;сторона
طرفدار;сторонник
طعام;еда
طلا;золото
طلایی;золотой
طلب;требование
طلسم;талисман
طلق;слюда
طور;способ
طوطی;попугай
طوع;послушание
طوفان;буря
طوق;кольцо, ожерелье, ошейник, иго
طين;глина, грязь
طیاره;аэроплан, самолёт
طیف;спектр
ظاهر;внешность
ظرف;сосуд
ظريف;Зариф (красивый, остроумный)
ظفر;победа
ظن;предположение
ظهر;спина
ظهور;появление, пришествие
ظهیرالدین;Захреддин
عائله;семья
عاج;слоновая кость
عادت;обычай
عار;позор
عاشورا;Ашура
عالم;вселенная
عباس;Аббас
عبد;раб
عبور;проход
عجب;удивление
عجبا;удивительно
عجز;слабость
عجم;неараб
عجوز;старуха
عجیب;удивительный
عدد;число
عدس;ботан. чечевица (Lens)
عدسی;физ. линза
عرب;араб
عرش;эмпирей, небеса
عرعر;рёв осла
عروس;невеста
عروسی;свадьба
عزازیل;Азазель
عزل;увольнение
عسر;затруднённость
عسل;мёд
عصر;век
عصر بخیر;добрый вечер!
عصیان;восстание
عضله;анат. мускул; мышца
عطارد;Меркурий
عطر;духи
عطسه;чихание
عطسه کردن;чихать
عطش;жажда
عطل;не имеющий украшений
عفریت;ифрит
عق;тошнота
عقاب;зоол. орёл (Aquila)
عقب;зад
عقرب;зоол. скорпион
عقل;разум
عقيق;минер. агат
عکاسی;фотография
عکس‌العمل;реакция
علف;трава
علق;пиявка
علم;наука
علم زبان;лингв. лингвистика
علم‌الحروف;ильмальхуруф, джафр
علمی;научный
علوم اعصاب;нейробиология
علوم انسانی;гуманитарные науки
علوم کامپیوتر;информатика
علوم محاسباتی;вычислительные науки
عمامه;чалма
عمد;намерение, умысел
عمر;жизнь
عمل;поступок
عمل کردن;действовать
عمود;перпендикулярный
عمیق;глубокий
عناب;ботан. ююба
عنان;узда
عنب;виноград (ягода)
عندلیب;зоол. соловей
عنق;шея
عنقاء;грифон, живущий на горе Каф
عنکبوت;зоол. паук
عنکبوت‌هراسی;психиатр. арахнофобия, паукобоязнь
عهد عتیق;религ. Ветхий Завет
عوج;кривизна
عود;уд
عور;голый
عيب;порок
عيد;праздник
عيسو;Исав
عين;глаз
عیبجو;придирчивый
عید;праздник
عیسوی;христианин
عینک;очки
عینی;объективный
غار;спелеол. пещера
غبار;пыль
غدر;вероломство
غده;анат. железа
غدير;водоём
غرب;запад
غربی;западный
غریب;бедный, неимущий
غزال;газель
غزل;газаль, лирическое стихотворение
غطاس;крещение
غلام;раб
غم;печаль
غمناک;печальный, скорбный
غنم;пшеница
غنی;богатый,  состоятельный
غنیمت;трофей
غور;глубина, погружение
غورمگس;овод
غوک;зоол. лягушка
غيب;тайна
غیر;чужак
فاحشه;проститутка
فار;маяк
فارسی;фарси, персидский язык
فاسق;грешный
فاشیسم;фашизм
فاطر;создатель
فاکس‌ترات;фокстрот
فاگوت;муз. фагот
فالج;паралитик
فالون;Фалун
فتح;победа
فجر;рассвет
فحش;непристойность
فدراسیون;федерация
فدراسیون روسیه;Российская Федерация
فدرالیسم;полит. федерализм
فرات;Евфрат
فراز;поднимай
فراست;проницательность
فراصوت;физ. ультразвук
فراماسون;масон, франкмасон
فراموش کردن;забывать
فرانسه;Франция
فرانسوی;французский
فرج;выход
فرجام‌;конец
فرجام‌شناسی;эсхатология
فرچه;щётка
فرحزاد;Фарахзад
فردوس;рай
فردوسی;Фирдоуси
فرز;фреза
فرزند;сын, дочь, потомок
فرس;астрон. Пегас
فرستادن;посылать
فرسخ;фарсах, персидская миля
فرسنگ;фрасанг, персидская миля
فرش;ковёр
فرشته;религ. ангел
فرشگرد;Фрашегирд
فرضی;гипотетический
فرط;излишек, чрезмерность
فرق;различие
فرقان;отличающий истину от лжи
فرماندار;губернатор
فرمانده کل قوا;военн. главнокомандующий
فرمان‌روا;владыка
فرمانروایی;государство
فرمودن;приказывать; распоряжаться
فرمول;формула
فرناس;сонный, невежественный
فرنگ;Европа
فرنگستان;Европа
فرنگی;ботан. помидор, томат (растение, Solanum lycopersicum)
فرهنگ;словарь (собрание языковых единиц с описаниями)
فرهنگ‌نویسی;лексикография
فروار;военн. бастион
فروختن;продавать
فرود;Фаруд
فرودگاه;аэропорт
فروردین;фарвардин (месяц иранского календаря)
فروش;продажа
فروشنده;продавец
فروغ;свет
فروهر;фраваши
فریب;обман
فریدون;Траэтаона, Фредон
فریفتن;обманывать
فساد;коррупция
فسفر;хим. фосфор
فسق;разврат
فش;грива
فشارسنج;барометр
فصل;отдел
فصیح;красноречивый
فصیح‌الدین;Фасихуддин
فضا;пространство
فضاپیما;космический корабль
فضایی;пространственный
فضل;учёность
فعالیت;деятельность
فعل;глагол
فقط;только
فقیر;факир
فلبیت;мед. флебит
فلج;паралич
فلس;чешуя
فلسفه;философия
فلق;заря
فلك;небо
فلوئور;хим. фтор
فلوت;муз. флейта
فمینیسم;феминизм
فن;техника, искусство
فناوری;технология
فندق;фундук
فنر;пружина
فنن;ветка
فه;борона, весло
فهمیدن;понимать
فوتبال;спорт. футбол
فور;поспешность
فوریه;февраль
فوز;победа
فوکشان;Фокшани
فولاد;сталь
فيثاغورث;Пифагор
فيل;слон
فیروز;Фируз
فیروزآباد;Фирузабад
فیروزبهرام;Фирузбахрам
فیزیک;физика
فیزیک کاربردی;прикладная физика
فیزیک محاسباتی;вычислительная физика
فیزیک نظری;теоретическая физика
فیزیوتراپیست;мед. физиотерапевт, физиатр
فیسبوک;Фейсбук
فیل;слон
فیلولوژی;филология
فیلیپین;Филиппины
قاپ;геометр. куб
قاتل;убийца
قارچ;гриб
قاری;чтец Корана
قاز;орнитол. гусь (Anser)
قاش;бровь
قاشق;ложка
قاصدک;ботан. одуванчик
قاضی;судья
قاطر;мул
قاعده;правило
قالب;шаблон
قالی;ковёр
قاموس;словарь
قانوناً;законно, легально
قباد;Кавад
قبر;могила
قبرستان;кладбище
قبض;расписка
قبطى;коптский
قبل;прежний, прошлый
قبول;принятие, одобрение
قتل;убийство
قحطی;голод
قد;телосложение, фигура, стан
قدح;бокал
قدر;предопределение
قدم;шаг
قر;кокетство
قربان‌;жертва
قربان‌گاه;жертвенник
قربانی;жертва
قرچك;геогр. Гарчак
قرح;ранение
قرن;столетие
قرنطینه;мед. карантин
قزاقستان;Казахстан
قزوين;геогр. Казвин
قسطنطنیه;Константинополь
قسم;клятва
قشلاق;кишлак
قصاب;мясник
قصر;дворец
قضیه;матем. теорема
قطب;полюс
قطب‌الدین;Кутбуддин
قطب‌نما;компас
قطر;дождь
قطره;капля
قعر;дно, глубина
قفس;клетка
قفسه کتاب;книжный шкаф
قفقاز;Кавказ
قفل;замок
ققنس;феникс
ققنوس;феникс
قلب;анат. сердце
قلبزن;фальшивомонетчик
قلم;ручка
قلیان;кальян
قمار;азартная игра
قمارخانه;казино
قمر;луна
قنادی;кондитерская
قند;сахар
قندان;сахарница
قنسول;консул
قنطار;кентар
قنوت;послушание
قهرمان;чемпион
قهوه;кофе
قو;зоол. лебедь
قوچ;зоол. овца
قوچان;геогр. Кучан
قورباغه;зоол. лягушка
قوس;большой барабан
قوطی;коробка
قولنج;мед. колика
قوم;народ
قومیت;этническая принадлежность
قوی;сильный
قيچی;ножницы
قیام;восстание
قیامت;воскресение
قید;наречие
كاشان;геогр. Кашан
كاغذ;бумага
كبد;печень
كتاب;книга
كتف;анат. лопатка
كثير;многочисленный
كذب;ложь
كرب;клён
كرج;геогр. Кередж
كرد;курд
كرس;грязь, гной
كرش;обман
كرمانشاه;геогр. Керманшах
كروآت;хорват
كشتی;корабль
كشور;страна
كفر;богохульство, кощунство
كلب;собака
كلل;украшение из перьев на голове
كلى;село
كم;мало
كمال;Камал
كمر;поясница
كندر;ладан
كهف;пещера
كوچِک;маленький
كون;задний проход
كيد;хитрость, предательство
كيف;наслаждение
كيوان;Сатурн
کابل;Кабул
کابوتاژ;каботаж
کاپوت;презерватив, кондом
کاپوچینو;капучино
کاتالونیا;Каталония
کاتالیزگر;хим. катализатор
کاتالیزور;хим. катализатор
کاتانا;катана
کاتد;техн. катод
کاتولیسیزم;католицизм
کاتولیک;религ. католический
کاتیون;физ. катион
کاج;ботан. сосна (Pinus)
کاخ;дворец
کادمیوم;хим. кадмий
کادو;подарок
کاذب;ложный
کار;работа
کار کردن;работать
کاربر;пользователь
کارد;нож
کاردی;нож
کارگر;работник, рабочий, трудящийся
کارگران جهان متحد شوید;пролетарии всех стран, соединяйтесь!
کارلشته;Карлстад
کارناتاکا;Карнатака
کارنالیت;минер. карналлит
کاریکاتور;карикатура
کاریکاتوریست;карикатурист
کازئین;биохим. казеин
کاسیموف;Касимов
کاشان;Кашан
کاشانی;Кашани
کاغذ;бумага
کافی;достаточно, довольно
کاکل;чёлка, хохолок
کالبدشناسی;анатомия
کالج;колледж
کالری;физ. калория
کالیفرنیم;хим. калифорний
کالینینگراد;Калининград
کامبوج;Камбоджа
کامپیوتر;комп. компьютер
کامچاتکا;Камчатка
کاندوم;презерватив, кондом
کانگورو;зоол. кенгуру
کانی;минерал
کانی‌شناسی;минералогия
کاه;солома
کاهو;салат
کبالت;хим. кобальт
کبدی;Кабадди
کپل;ягодицы
کپنهاگ;Копенгаген
کپی;обезьяна
کپیتالیسم;капитализм
کت;пальто
کتاب;книга
کتاب درسی;учебник
کتابخانه;здание
کتابدار;библиотекарь
کتاب‌فروشی;книжный магазин
کج;кривой
کجی;кривизна
کچاپ;кетчуп
کچل;лысый
کخلفتئا;Шеллефтео
کدر;непрозрачный
کدک;комп. кодек
کده;религ. храм
کذایی;так называемый
کر;глухой
کراسنویارسک;Красноярск
کراکینگ;хим. крекинг
کراوات;галстук
کربوهیدرات;биол., хим. углевод
کرته;рубаха, рубашка
کرتیر;Картир
کرد;курд
کردستان;Курдистан
کردن;делать, совершать
کرفس;ботан. сельдерей (Apium)
کرکس;гриф
کرگ;зоол. носорог
کرگدن;зоол. носорог
کرگس;зоол. гриф
کرم;зоол. червь, червяк
کروم;хим. хром
کریتمسته;Кристианстад
کریچه;биол. вакуоль
کریشنا;Кришна
کریمه;Крым
کژدم;скорпион
کس;груб. влагалище
کس دادن;груб. иметь половые сношения; обладать (субъект действия — женщина, объектом действия выступает мужчина)
کستی;кушти, пояс зороастрийца
کسر;матем. дробь, дробное число
کسره;кясра
کسری;царь
کش;резинка
کشان;палатка
کشاورز;земледелец
کشاورزی;земледелие
کشت;культивирование, возделывание
کشتار;убой, забой
کشتن;убивать
کشتی;корабль
کشتی گرفتن;бороться
کشف;зоол. черепаха
کشور;страна
کشیدن;тянуть
کشیش;священник
کف;пена
کفایت;достаточность
کفتار;зоол. гиена (hyaena)
کفچه;половник, поварёшка
کفرا;цветок пальмы
کفران;неверие
کفرگو;богохульник
کفش;обувь
کفشدوز;сапожник
کفشگر;башмачник, сапожник
کفن;саван
کفیدن;раскалываться
کلارینت;муз. кларнет
کلاسیک;классический
کلام;речь
کلاه;шапка
کلاهبرداری;мошенничество, жульничество
کلاه‌گیس;парик
کلر;хим. хлор
کلسکرونا;Карлскруна
کلسیوم;хим. кальций
کلک;плот
کلمبیا;Колумбия
کلمر;Кальмар
کلمه;слово
کله;голова
کلوئید;хим. коллоид
کلید;ключ
کلیمانجارو;Килиманджаро
کلیو (اسطوره);мифол. Клио (муза истории)
کمالیسم;кемализм
کمان;лук
کمرا;пояс зороастрийца
کمک;помощь
کمونیست;коммунист
کمونیسم;полит. коммунизм
کمیته;комитет
کنب;ботан. конопля (Cannabis)
کنتراست;контраст
کنترپوان;муз. контрапункт
کنجد;ботан. кунжут
کندو;улей
کنسول;консул
کنف;ботан. конопля (Cannabis)
کنفرانس;конференция
کنفسیوس‌گرایی;конфуцианство
کننده;делающий
کنه;зоол. клещ
کنیاک;коньяк
کهف;пещера
کهکشان;галактика
کهنه;старый
کوانتوم;физ. квант
کوب;коб (антилопа)
کوپک;копейка
کوتاه;короткий
کوتوله;карлик
کوثر;Кяусар (райская река)
کوثره;башмаки с загнутым носом
کوچ;кочёвка
کوچک;маленький, малый
کوچه;улица
کوچیدن‌;переселяться
کوخ;камышовый шалаш
کودکستان;детский сад
کوده;Шёвде
کور;слепой, незрячий
کورپه;одеяло
کوستروما;Кострома
کوسوو;Косово
کوکنار;мак
کوکو;орнитол. кукушка
کول;делать
کولنج;мед. колика
کوله‌پشتی;рюкзак
کولوسئوم;Колизей
کولی;цыган
کوه;гора

کی;падишах
کیخسرو;Кей-Хосров
کی‌داراب;Кай-Дараб
کیر;пенис, половой член
کیقباد;Кей-Кобад
کیک;зоол. блоха (Pulex)
کی‌کاووس;Кей-Кавус
کیل;гвоздь
کیمیاگر;алхимик
کینین;хим. хинин, хина
کیهان;космос
کیهان‌شناسی;космология
کیوان;Сатурн
کیومرث;Гайомарт, Каюмарс
گاتها;Гаты, древнейшая часть Авесты
گاز;хим. газ
گاز ایده‌آل;физ. идеальный газ
گامت;биол. гамета
گاهنبار;Гаханбар
گاو;бык, корова
گاوماده;зоол. корова
گاومیش;буйвол
گجرات;Гуджарат
گچ;алебастр, гипс
گدانسک;Гданьск
گذرنامه;паспорт
گراز;кабан
گراف;матем. граф
گرافین;физ. графен
گرامافون;граммофон
گران;дорогой, дорогостоящий
گرانش;гравитация; тяготение
گرایش جنسی;сексуальная ориентация
گربه;кот
گرجستان;Грузия
گرد;пыль
گرداب;водоворот
گردباد;вихрь, смерч
گردن;анат. шея
گردیدن;вращаться
گرز;палица
گرزه;гюрза
گرس;локон
گرست;пьяный
گرسنگی;голод
گرسنه;голодный
گرشاسپ;Гаршасп, Кэрсаспа
گرفت;астрон. затмение
گرفتن;брать, отбирать
گرگ;зоол. волк (Canis lupus)
گرگان;геогр. Горган
گرم;тёплый
گرمای پاییزه;бабье лето
گرنادا;Гренада
گره;узел
گروتمان;Гародман
گروهبان;военн. сержант
گریستن;плакать
گرینلند;Гренландия
گزر;ботан. морковь (Daucus carota)
گزنه;крапива
گزیدن;кусать
گش;слизь
گشاد;широкий
گشادبازی;расточительность
گشاده;открытый
گشايش;открытие
گشتاسپ;Виштаспа
گشتن;солнцестояние
گشنیز;ботан. кориандр  (Coriandrum)
گشودن;открывать
گفتار;речь
گفتگو;разговор, беседа
گفتن;говорить
گل;глина
گلابی;ботан. груша
گلستان;цветник
گلن دژیک;Геленджик
گلو;горло
گلوب;глобус
گلوکز;хим. глюкоза
گم;потерянный
گمست;минер. аметист
گناه;религ. грех
گنبد;купол
گنج;клад
گنجه;Гянджа
گنجور;хранитель сокровищ, казначей
گنجوره;сокровищница
گندم;пшеница
گنو;зоол. гну
گوا;Гоа
گواتمالا;Гватемала
گوادلوپ;Гваделупа
گوانگ‌دونگ;Гуандун
گوجۀ;ботан. помидор, томат (растение, Solanum lycopersicum)
گور;могила
گوردخمه;катакомбы
گورستان;кладбище
گوركن;зоол. барсук (Meles meles)
گورکن;барсук
گوزن;олень
گوسفند;зоол. овца
گوش;ухо
گوشت;мясо
گوگرد;хим. сера
گوگل;разг. гугл, Google, название поисковой системы компании Google Inc.
گون;цвет
گوندولا;гондола
گونه;щека
گوهر;драгоценный камень
گویش;лингв. диалект
گياه;растение
گیاهخوار;вегетарианец
گیاه‌خواری;вегетарианство
گیتار;муз. гитара
گیتاریست;гитарист
گیلاس;рюмка
گیله;ягода
گینه استوایی;Экваториальная Гвинея
گیومرت;Гайомарт
لا;слой
لابراتوار;лаборатория
لاتاری;лотерея
لاج;голый
لادن;ладан
لازم;ненужный, необходимый
لاش;труп
لاشخور;зоол. гриф
لاشه;труп
لاک پشت;зоол. черепаха
لاکتوز;биохим. лактоза
لال;красный
لاله;ботан. тюльпан (Tulipa)
لانتان;хим. лантан
لاندن;шевелить
لب;анат. губа
لباس;одежда
لبن;молоко
لتونی;геогр. Латвия
لجن;ил, тина
لچک;косынка
لحم;мясо
لدنى;божественный
لدنیات;богословие
لذیذ;вкусный, лакомый
لرغونپوهنه;археология
لژیون;истор. легион
لس‌آنجلس;Лос Анджелес
لطف;благосклонность
لطيف;нежный
لعل;рубин
لعنت;проклятие
لغت;слово
لغتنامه;словарь (собрание языковых единиц с описаниями)
لغو;отмена
لقب;прозвище
لک‌لک;аист
لگاریتم;матем. логарифм
لم;сидение развалясь
لمور;лемур
لمیدن;сидеть развалясь
لندن;Лондон
لنگر;морск. якорь
لهب;пламя
لهجه;лингв. диалект
لهر;Лахер (деревня в провинции Мазендеран)
لهراسپ;Лухрасп
لهستان;Польша
لهو;игра, забава, развлечение
لوا;флаг
لوت;голый
لوح;доска, скрижаль
لور;серп
لورن;Лотарингия
لوکزامبورگ;Люксембург
لوکس;физ. люкс (единица освещённости)
لوکوموتیو;локомотив
لولئو;Лулео
لوند;Лунд
لیبرالیسم;либерализм
لیتر;литр
لیتیم;хим. литий
لیختن‌اشتاین;Лихтенштейн
لیسانس;лицензия
لیسیدن;лизать
لیموزین;лимузин
لینشوپینگ;Линчёпинг
مؤدب;вежливый, учтивый
مؤذن;муэдзин
ما;мы
ماد;Мидия
مادَر;мать
مادری;материнский
ماديان;зоол. кобыла
مار;зоол. змея (serpens)
مارسی;Марсель
مارکسیسم;филос. полит. экон. марксизм
مارگارین;кулин. маргарин
مارماهی;ихтиол. угорь (anguilla)
مارمولک;зоол. ящерица
مازوخيسم;мазохизм
ماساچوست;Массачусетс
ماساژ;массаж
ماشین;автомобиль
ماشین حساب;калькулятор
ماشین ظرف‌شویی;посудомоечная машина
ماک;зоол. курица
ماکارونی;макароны
ماگادان;Магадан
ماگنیتوگورسک;Магнитогорск
مالاریا;мед. малярия
مالته;ботан. апельсин
مالمو;Мальмё
مالیخولیا;меланхолия
ماندارین;ботан. мандарин
مانور;манёвр
مانوی;религ. манихей
مانی;Мани
مانی‌پور;Манипур
مانیکور;маникюр
ماه;Луна
ماهشهر;геогр. Махшехр
ماهی;рыба
ماهیتابه;сковородка
ماهیچه;анат. мускул; мышца
ماهیگیری;рыбалка
مايع;физ. жидкость
مایونز;майонез
مبطل;уничтоженный
مبل;мебель
مبين;ясный
مت‌آمفتامین;метамфетамин
متد;метод
متر;метр
مترادف;лингв. синоним
مترسک;пугало
مترو;метро
متشکرم;спасибо
متقارن;симметричный
متن;текст
متنبی;лжепророк
مثال;пример
مثل;пример, пословица, аллегория, притча
مثلث;геометр. треугольник
مثلث قائم‌الزاویه;прямоугольный треугольник
مجار;венгр
مجارستان;Венгрия
مجانی;бесплатный
مجمع;собрание
مجموعه;матем. множество
مجنون;безумец
محاسبات علمی;научные вычисления
محاسبه;вычисление
محافظه‌کاری;консерватизм
محبت;любовь
محبوس;арестант
محراب;михраб
محل;место
محمد;Мухаммад
محمل;паланкин
محن;испытание
محور;ось
محيط;среда, окружение, атмосфера
محی‌الدین;Мухиддин
مخاچ‌قلعه;Махачкала
مخترع;изобретатель
مخمر;дрожжи
مداد;карандаш
مدال;медаль
مدت;время
مدد;помощь
مدرسه;школа
مذکر;мужской род
مذهب;религия; вероисповедание
مر;мар (счётное слово для круглых чисел)
مراغه;геогр. Мераге
مربع;квадрат
مرجان;коралл
مرد;мужчина, муж
مرداب;болото
مرداد;мордад (месяц иранского календаря)
مردم;люди, народ
مردم‌سالاری;демократия
مردم‌شناسی;антропология
مردمک;анат. зрачок
مردن;умереть
مرده;мёртвый
مرزنگوش;ботан. майоран (majorana)
مرشد;наставник
مرض;болезнь
مرغ;зоол. курица
مرق;подливка
مرکب;конь
مرکز;центр
مرگ;смерть
مرگامرگ;мед. чума
مرمر;геол. мрамор
مرند;геогр. Меренд
مرهم;мазь
مروارید;жемчуг
مرودشت;геогр. Марвдешт
مروق;чистый
مری;анат. пищевод
مریض;мед. пациент
مزار;могила
مزایده;аукцион
مزخرف;глупый, абсурдный, бессмысленный
مزد;вознаграждение, мзда
مزدا;бог
مزدک;Маздак
مزدکیه;маздакизм
مزدیسنا;зороастризм
مزراق;копьё
مژده;хорошая новость
مس;хим. медь
مسافت;расстояние
مسافر;путешественник
مست;пьяный
مستطیل;прямоугольник
مستقل;независимый
مستكبر;гордый
مستندات;документация
مسجد;мечеть
مسح;смачивание рук, лба и ног во время ритуального омовения
مسطح;плоский
مسکو;Москва
مسلک;доктрина
مسلم;мусульманин, магометанин
مسلمان;мусульманин, магометанин
مسواک;зубная щётка
مسيح;миссия, Христос
مسیحیت;христианство
مشت;кулак
مشط;гребень
مشوش;взволнованный
مصر;настойчивый
مصلح;миротворец
مصلحت;совет
مضاف;определяемое (в изафете)
مضراب;плектр, мизраб
مضمر;скрытый
مطاع;повелитель
مطب;врачебный кабинет
مطر;дождь
معاصر;современный
معاضدت;помощь, содействие
معلّم;учитель
معمار;архитектор
معنی;значение, смысл
معهذا;тем не менее
معیوب;увечный
معیوبی;увечье
مغ;маг (зороастрийский жрец) (мн.مغان или مغ‌ها)
مغار;пещера
مغازه;магазин
مغز;мозг
مغصوب;похищенный
مغضوب;навлекший на себя гнев
مغولستان;Монголия
مغولی;монгольский
مفت;бесплатный
مفهوم;концепция
مقاله;статья
مقاومت مصالح;сопротивление материалов
مقایسه;сравнение
مقدار;количество
مقعدی;анальный
مقل;бделий, бдолах
مک;энтомол. пчела
مکافات;награда
مکان;пространство
مکانیک سیالات;механика жидкости и газа
مکانیک کلاسیک;классическая механика
مکانیک محیط های پیوسته;механика сплошных сред
مکه;Мекка
مکیدن;сосать
مگالایا;Мегхалая
مگرمج;крокодил
مگس;зоол. муха
مگنتواستریکشن;физ. магнитострикция
ملارد;геогр. Малард
ملاط;строительный раствор
ملافه;простыня
ملاقه;половник, поварёшка
ملامت;упрёк
ملانیسم;биол. меланизм
ملاير;геогр. Малайер
ملخ;кузнечик
ملک;ангел
مملکت;государство
ممنوعه;запрещённый
من;я
منار;минарет
مناره;минарет
منثور;прозаический
منجم;астроном
مندائیان;мандеи
منزل;этаж
منطق;логика
منظومه شمسی;астрон. Солнечная система
منقاد;покорный
منقار;клюв
منقل;мангал
منگنز;хим. марганец
منگنه;степлер
منوچهر;Манучехр
منیزیوم;хим. магний
مهاباد;геогр. Мехабад
مهاجر;переселенец
مهاجرت;иммиграция
مهاراشترا;Махараштра
مهتاب;лунный свет
مهتر;повелитель
مهدی;Махди
مهر;мехр (месяц иранского календаря)
مهربان;ласковый
مهربانی;нежность
مهرگان;осеннее равноденствие
مهره;бусина, гайка
مهره بازی;Это слово или выражение пока не переведено. Вы можете предложить свой вариант перевода.
مهم;важный, значимый
مهمان;гость
مو;волос
موبد;мобед, зороастрийский жрец
موت;смерть
موتور;двигатель; мотор
موج;волна
موج گرانشی;гравитационная волна
مور;павлин
مورچه;муравей
موریتانی;Мавритания
موز;ботан. банан
موزائیک;мозаика
موزيك;музыка
موش;зоол. мышь (mus)
موعد;срок
مولکول;хим. молекула
مولیبدن;хим. молибден
موم;воск
مومیا;мумия
مونته‌نگرو;Черногория
مونیخ;Мюнхен
موی;волос
مياندوآب;геогр. Миандоаб
ميخ;гвоздь
ميزان;мера, количество, норма
می;образует глаголы изъявительного наклонения настояще-будущего времени
میان;середина
میان‌رودان;Месопотамия
میدان;площадь
میدیوزرم;медьёзарм
میرزا;писарь
میز;стол
میزان;весы
میسیونر;миссионер
میش;зоол. овца
میشکان;скиния
میکرب;биол. микроб, микроорганизм
میکروسکوپ;микроскоп
میگرن;мед. мигрень, гемикрания
میلیارد;миллиард
میلیتارییسم;милитаризм
میلی‌متر;миллиметр
میلیون;миллион
میمون;зоол. обезьяна
میناکاری;эмаль
مینو;небо, рай
مینوی خرد;Меног-и Храд
میهن‌پرست;патриот
میهن‌پرستی;патриотизм
میهن‌دوست;патриот
میهن‌دوستی;патриотизм
میوگلوبین;биохим. миоглобин
میوه;плод
ن;отрицательный глагольный префикс
نئون;неон
نا;отрицательный глагольный префикс
ناب;чистый
نابرادری;сводный брат
نابینا;слепой, незрячий
نابینایی;слепота
ناپایدار;нестабильный, неустойчивый
ناپدری;отчим, приёмный отец
ناحیه;нахия, волость
ناخن;анат. ноготь
ناخواهری;сводная сестра
ناخوشایند;неприятный
ناخون;анат. ноготь
نادانی;незнание
نار;гранат
نارگیله;кальян
نارنج;ботан. апельсин
نارنجک‌انداز;военн. гранатомёт
نارون;ботан. вяз (Ulmus L.)
ناز;кокетство
نازی;нацист
نازیسم;нацизм
ناس;человечество
ناسازگاری;конфликт
ناسیونالیسم;национализм
ناصح;наставник
ناف;анат. пуп, пупок
ناگزیر;неизбежный, неминуемый
نام;имя
نا‌‌متقارن;асимметричный, асимметрический
نامرد;трус
نامزد;невеста
نامه;письмо; послание
نامیبیا;Намибия
نامیرا;бессмертный
نان;хлеб
نان‌برده;кусок хлеба
نانت;Нант
نانوائی;пекарня
نایلون;нейлон
نبیره;правнук
نپال;Непал
نتیجه;результат, исход
نثر;проза
نجاسات;осквернение
نجس;нечистый
نجل;род
نجم;звезда
نجوم;астрономия
نحس;несчастливый
نحل;пчела
نحو;лингв. синтаксис
نحوی;грамматист, грамматик
نخ;нитка, нить
نخست;первый
نخل;пальма
نر;самец
نرد;нарды
نردبان;лестница
نرسه;Нарсе
نرگس;ботан. нарцисс
نرم;мягкий
نروژ;Норвегия
نزع;агония
نزل;угощение для гостей
نزول;схождение
نسبی;относительный
نسق;стиль
نشان;знак
نشر;публикация
نِشَستَن;сидеть (находиться в сидячем положении)
نصب;установка
نصر;помощь
نصراني;христианин
نصرانيت;христианство
نصف;половина
نصيب;доля
نطفه;сперма
نظام;порядок
نظامی;Низами
نظامی گنجوی;Низами Гянджеви
نظریه;теория
نظریه آشوب;теория хаоса
نظریه اطلاعات;теория информации
نظریه مجموعه‌ها;матем. теория множеств
نظم;порядок
نعش;труп
نعل;подкова
نعيم;блаженство
نفت;нефть
نفخ;вздутие
نفر;человек
نفرت;бегство
نفرین;проклятие
نفس;дыхание
نفوذ;влияние
نقاب;никаб
نقاش;живописец
نقر;резьба
نقره;хим. серебро
نقش;рисунок
نقشبندیه;Накшбандия (суфийск. тарикат)
نقص;дефект
نقض;нарушение
نقطه;точка
نقل;переноска
نگارگر;живописец
نم;влажность, сырость
نما;показывай
نماز;религ. намаз
نماینده;представитель
نمک;соль
نمکدان;солонка
نمود;он показал
نمودن;показывать
نه;девять
نُه;девять
نه صد;девятьсот (۹۰۰)
نهائی;финальный
نهایی;финальный
نهب;грабёж
نهم;девятый
نو;новый
نواختن;ласкать
نوار;лента
نوامبر;ноябрь
نوترون;физ. нейтрон
نوچه;новичок, начинающий
نوح;Нух
نود;девяносто (۹۰)
نَوَد;девяносто
نود و نه;девяносто девять
نودل;лапша
نوذر;Новзар
نور;свет
نورتلیه;Норртелье
نوردراین-وستفالن;Северный Рейн-Вестфалия
نورساخت;биол. фотосинтез
نورشوپینگ;Норчёпинг
نوروز;Науруз
نوشابه;напиток
نوشتن;писа́ть
نوشیدن;пить
نوع;вид
نوک;клюв
نوکری;услуга
نووراسیسک;Новороссийск
نویسنده;писатель
نویسه;буква
نيشابور;геогр. Нишапур
نیتروژن;хим. азот
نیرو;физ. сила
نیز;тоже
نیزه;копьё
نیسان;апрель
نیشابور;Нишапур
نیشوپینگ;Нючёпинг
نیکاراگوئه;Никарагуа
نیکل;хим. никель
نیکوتین;никотин
نیم;половина
نیمروز;юг
ها;множественное число
هاپلوتیپ;генет. гаплотип
هاجر;Агарь
هادرون;физ. адрон
هارمونیک;гармоничный
هاکی;хоккей
هالمستاد;Хальмстад
هالیوود;Голливуд
هامان;Хаман
هاوائی;Гавайи
هجا;слог (часть слова)
هجده;восемнадцать
هدیه;подарок
هذلولی;матем. гипербола
هرزه‌نگاری;порнография
هرطقه;ересь
هرمز;Ормизд
هزار;ряса (дервиша)
هزارپا;многоножка
هزاردستان;соловей
هزارگی;хазарейцы
هزارم;тысячный
هستی;существование, бытие
هش;сознание
هشت;восемь
هَشت;восемь
هشتاد;восемьдесят (۸۰)
هشت‌پا;зоол. осьминог
هشتسد;восемьсот
هشتم;восьмой
هفت;семь
هَفت;семь
هفتاد;семьдесят
هفت‌اورنگ;Большая Медведица
هفت‌ضلعی;геометр. семиугольник, гептагон
هفتگی;еженедельный
هفته;неделя
هفده;семнадцать
هل;кардамон
هلسینگبورگ;Хельсингборг
هلندى;голландец; нидерландец
هلندی;нидерландский
هلیکوپتر;вертолёт
هم;тоже, также
هما;птица-феникс
هم‌اکنون;прямо сейчас
همان;тот, та, то, те
هماهنگ;гармоничный
همايون;благополучный
همای;птица-феникс
همجنس‌باز;гомосексуальный
همجنس‌گرا;гомосексуал, гомосексуалист
همجنسگرا;гомосексуальный
هم‌جنس‌گرایی;гомосексуальность, гомосексуализм
همدان;геогр. Хамадан
همدردی;сочувствие
همدم;компаньон
همراه;напарник, компаньон
همزاد;близнец
همزه;хамза
همزیستی;биол. симбиоз
همسایه;сосед
همسر;супруг
همشیره;сестра (дочь тех же родителей)
هم‌معنی;лингв. синоним
همنوع‌خواری;каннибализм
هموار;плоский
هموسکسوئل;гомосексуал, гомосексуалист
هموطن;соотечественник
هند;Индия
هندسه;геометрия
هندواروپایی;лингв. индоевропейский
هندوچین;Индокитай
هندوستان;Индия
هندوییسم;религ. индуизм
هندی;хинди
هنر;искусство
هوا;погода
هواپیما;самолёт
هور;солнце, счастье
هوش;сознание
هوشنگ;Хушанг
هوشیدر;Хушидар
هوشیدر ماه;Хушидармах
هوکایدو;Хоккайдо
هولمیم;хим. гольмий
هوم;хаома
هويج;ботан. морковь (Daucus carota)
هویج;ботан. морковь (Daucus carota)
هیدرولوژی;гидрология
هیدرولیک;физ. гидравлика
هیور;шурин
ﻭ;и
وا;глагольный префикс
واترپروف;водонепроницаемый, водостойкий, водоупорный
واتگر;скорняк
واچرخند;метеорол. антициклон
واربره;Варберг
واروواژه;анаграмма
وازلین;фарм. вазелин
واژه;слово
واقع;находящийся, расположенный
واکنش;хим. реакция
والاچیا;Валахия
وان;ванна
وانادیم;хим. ванадий
وجدان;совесть
وجه;лицо
وحشت;дикость
وخشیدن;расти, увеличиваться
ورامين;геогр. Варамин
ورز;сев
ورزش;спорт
ورزیدن;заниматься
ورشو;Варшава
وزر;анат. крыло
وزغ;жаба
وزير;визирь
وزیدن;дуть
وستا;Авеста
وستروس;Вестерос
وست‌فالن;Вестфалия
وسخ;грязь
وش;хлопок
وشاح;пояс, украшенный драгоценностями
وشت;красивый
وشتن;танцевать
وشتی;Астинь (Вашти)
وشق;рысь
وشم;татуировка
وصال;свидание с любимым
وصل;соединение
وعد;обещание
وقت;время
وقع;важность
وقف;стоять
وکفو;Векшё
ولادی‌وستوک;Владивосток
ولزي;валлиец, уэльсец
ولفرام;хим. вольфрам
ولگا;Волга
ولگوگراد;Волгоград
ون;фисташка
وندیداد;Вендидад
وهم;галлюцинация
وودوو;религ. вуду
وولوگدا;Вологда
ويل;горе
ویتنام;Вьетнам
ویراف‌;Вираф, Вираз
ویران;разрушенный
ویرانه;руины
ویروس;биол. вирус
ویسکی;виски
ویشتاسپ;Виштасп
ویشنو;Вишну
ویکی‌پدیا;Википедия
ویکی‌واژه;викисловарь
ویلنیوس;Вильнюс
ویولن;скрипка
ویولنسل;муз. виолончель
ياسمين;жасмин
ياسوج;геогр. Ясудж
ياور;помощник
يبس;страдающий запорами
يزد;геогр. Йезд
يزيد;Йезид
يس;сура Ясин
يعفور;Йафур («газель»), говорящий осёл пророка Мухаммеда
يونان;Греция
یا;или
یاروسلاول;Ярославль
یاری;помощь
یازده;одиннадцать
یاس;сирень
یاسمن;жасмин
یاقوت;рубин
یال;грива, шея
یالتا;Ялта
یاندکس;Яндекс
یتا اهو;Ахунавар
یتیم;сирота
یخ;лёд
یخچال;холодильник
ید;хим. иод (йод)
یزد;Йезд
یزدان;бог
یزدانی;Яздани («божественный»)
یزدگرد;Йездигерд
یسنه;Ясна
یک;один
یِک;один
یکاترینبورگ;Екатеринбург
یکتا;уникальный, исключительный
یکتاپرستانه;монотеистический
یکتاپرستی;монотеизм
ینی‌سئیسک;Енисейск
یهودی;еврей
یوتبری;Гётеборг
یوروپیم;хим. европий
یوسف;Юсуф
یوگا;йога
یوگسلاوی;Югославия
یوله;Евле
یون;хим. ион
یونان;Греция
یونان باستان;Древняя Греция
یونانی;греческий
یونش;физ. ионизация
یونشوپینگ;Йёнчёпинг
